"구분","데이터ID","도시/지역코드","명칭(한글)","명칭(영문)","카테고리/유형","권장비용(KRW)","설명(한글)","설명(영문)","교통/상세정보","공식웹사이트/이미지","공공데이터출처"
"관광명소/체험","seoul_palace_hanbok","SEOUL","경복궁 한복 체험 & 북촌 한옥마을 도보 투어","Gyeongbokgung (Hanok & Hanbok Walk)","명소","0","아름다운 한복을 입고 조선 제일의 법궁 경복궁과 고즈넉한 북촌 한옥마을 골목길을 걷는 필수 전통 투어","Traditional cultural walk touring Gyeongbokgung Palace in Korean hanbok dress and strolling through historic Bukchon Hanok alleys","3호선 경복궁역 5번 출구 / 3호선 안국역 1, 2번 출구","https://www.royalpalace.go.kr","한국관광공사 TourAPI 4.0 및 HypeHeritage 정제 DB"
"관광명소/체험","seoul_changdeok_secret","SEOUL","유네스코 창덕궁 및 후원(비원) 정원 투어 티켓","Changdeokgung Palace & Secret Garden Ticket","명소","8000","유네스코 세계유산 창덕궁 전각과 자연 지형을 그대로 살린 조선 왕실의 비밀 정원(후원·비원) 특별 관람 티켓","Admission ticket to UNESCO World Heritage Changdeokgung Palace and its secluded Royal Secret Garden (Biwon)","3호선 안국역 3번 출구 도보 5분","https://www.cdg.go.kr","한국관광공사 TourAPI 4.0 및 HypeHeritage 정제 DB"
"관광명소/체험","seoul_insadong_ssamzi","SEOUL","인사동 전통 공예 골목 & 쌈지길 아트 투어","Insadong Cultural Street & Ssamzigil","쇼핑","0","전통 필방, 고미술 갤러리, 전통 찻집과 나선형 아트 공예 복합몰 쌈지길을 둘러보는 인사동 도보 투어","Traditional artisan craft street packed with antique galleries, tea houses, and spiral cultural crafts complex Ssamzigil","3호선 안국역 6번 출구 도보 2분","https://english.visitseoul.net","한국관광공사 TourAPI 4.0 및 HypeHeritage 정제 DB"
"관광명소/체험","jeonju_hanok_heritage","JEONJU","전주 한옥마을 골목 탐방 & 전동성당 랜드마크 뷰","Jeonju Hanok Village & Jeondong Cathedral","명소","0","700여 채의 한옥이 도심에 어우러진 전주 한옥마을과 100년 역사의 비잔틴·로마네스크 양식 전동성당 랜드마크 산책로","Scenic historic stroll featuring over 700 traditional Hanok houses and the iconic 100-year-old Romanesque Jeondong Cathedral","전주역/터미널 시내버스 119, 535번 탑승 → 전동성당·한옥마을 하차","https://tour.jeonju.go.kr","한국관광공사 TourAPI 4.0 및 HypeHeritage 정제 DB"
"관광명소/체험","gyeongju_unesco_temple","GYEONGJU","유네스코 세계유산 불국사 & 석굴암 신라 헤리티지 투어","UNESCO Bulguksa Temple & Seokguram Grotto","명소","0","다보탑, 석가탑의 정교한 석조 건축 불국사와 토함산 화강암 석굴에 조각된 본존불 석굴암을 탐방하는 유네스코 세계유산 명소","UNESCO World Heritage tour exploring Bulguksa Temple's historic stone pagodas and sacred granite Seokguram Grotto","신경주역 700번 버스 → 불국사 하차 (석굴암 셔틀 12번 환승)","http://www.bulguksa.or.kr","한국관광공사 TourAPI 4.0 및 HypeHeritage 정제 DB"
"관광명소/체험","gyeongju_daereungwon_night","GYEONGJU","대릉원 고분군 & 첨성대·동궁과 월지(안압지) 신라 달빛 야경 투어","Daereungwon & Donggung/Wolji Moonlight Night View","명소","3000","신라 왕릉 고분 숲 대릉원 산책과 동양 최고 천문대 첨성대, 신라 별궁 동궁과 월지의 호수 반영 황금빛 야경 감상 투어","Stroll through ancient royal tumuli at Daereungwon, view historic Cheomseongdae, and witness golden nighttime water reflections at Donggung Palace and Wolji Pond","신경주역 50, 70번 버스 → 월성동 하차 (도보 3분)","https://www.gyeongju.go.kr/tour/","한국관광공사 TourAPI 4.0 및 HypeHeritage 정제 DB"
"관광명소/체험","seoul_gwangjang_market","SEOUL","종로 광장시장 & 청계천 야간 산책로 투어","Gwangjang Food Market & Cheonggyecheon Night Walk","명소","0","100년 역사의 광장시장 먹거리 장터 탐방과 맑은 물길을 따라 걷는 청계천 야간 도심 산책로 투어","Historic 100-year Gwangjang food alley tour paired with a refreshing illuminated night walk along Cheonggyecheon Stream","1호선 종로5가역 7, 8번 출구 도보 1분","http://www.kwangjangmarket.co.kr","한국관광공사 TourAPI 4.0 및 HypeHeritage 정제 DB"
"관광명소/체험","seoul_palace_hanok","SEOUL","경복궁 & 북촌 한옥마을 도보 투어","Gyeongbokgung Palace & Bukchon Hanok Alleys","명소","0","조선 왕조의 법궁 경복궁 경내와 고즈넉한 북촌 한옥 골목길의 전통 미학을 만끽하는 대표 도보 투어","Scenic historic walk through royal Gyeongbokgung Palace and traditional hillside Bukchon Hanok village alleys","3호선 안국역 2번 출구 / 경복궁역 5번 출구","https://english.visitseoul.net","한국관광공사 TourAPI 4.0 및 HypeHeritage 정제 DB"
"관광명소/체험","jeonju_hanok_night_food","JEONJU","전주 한옥마을 골목길 & 남부시장 청년몰/야시장 투어","Jeonju Hanok Village & Nambu Market Food Crawl","명소","0","700여 채의 한옥 골목길 정취와 남부시장 2층 청년몰, 활기 넘치는 주말 야시장 길거리 음식 탐방 투어","Stroll through historic Hanok village alleys, hip youth mall and bustling weekend Nambu Market night food crawl","전주역/터미널 시내버스 119, 535번 탑승 → 전동성당·한옥마을 하차","https://tour.jeonju.go.kr","한국관광공사 TourAPI 4.0 및 HypeHeritage 정제 DB"
"관광명소/체험","busan_jagalchi_biff","BUSAN","자갈치 수산시장 & 남포동 BIFF 광장 먹자골목 투어","Jagalchi Seafood Market & BIFF Food Alley","명소","0","살아 숨 쉬는 자갈치 아지매들의 수산시장과 영화의 거리 남포동 BIFF광장의 씨앗호떡, 비빔당면 먹거리 투어","Bustling Jagalchi seafood auction market combined with movie history and iconic street snacks along Nampo BIFF Square","1호선 자갈치역 10번 출구 / 남포역 1번 출구 (도보 3분)","https://www.bisco.or.kr/jagalchimarket/","한국관광공사 TourAPI 4.0 및 HypeHeritage 정제 DB"
"관광명소/체험","busan_gwangalli_night","BUSAN","광안리 해변 밤바다 & 광안대교 미디어파사드/드론라이트쇼 관람","Gwangalli Ocean Beach & Diamond Bridge Night View","명소","0","황홀한 광안대교 오색 LED 조명과 모래사장에서 감상하는 환상적인 매주 토요일 밤 드론 라이트쇼 관람","Glow of illuminated Gwangan Diamond Bridge over evening waves paired with spectacular weekly beachfront drone light shows","2호선 금련산역 1, 3번 출구 / 광안역 3, 5번 출구 (도보 8분)","https://www.suyeong.go.kr/tour/","한국관광공사 TourAPI 4.0 및 HypeHeritage 정제 DB"
"관광명소/체험","seoul_ddp_myeongdong","SEOUL","동대문디자인플라자(DDP) 건축 산책 & 명동 K-뷰티 로드","DDP Architecture & Myeongdong K-Beauty District","명소","0","자하 하디드의 미래형 곡선 건축 DDP와 글로벌 K-뷰티 플래그십 스토어 및 쇼핑 거리가 어우러진 도심 투어","Zaha Hadid's futuristic curved DDP architecture paired with global K-beauty flagship boutiques in bustling Myeongdong","2·4·5호선 동대문역사문화공원역 1번 출구 / 4호선 명동역 6번 출구","https://ddp.or.kr","한국관광공사 TourAPI 4.0 및 HypeHeritage 정제 DB"
"관광명소/체험","jeju_seongsan_ilchulbong","JEJU","유네스코 세계자연유산 성산일출봉 정상 트레킹 티켓","UNESCO Seongsan Ilchulbong Peak Trek Ticket","자연","5000","푸른 바다 위 우뚝 솟은 수성화산 분화구 정상에서 360도 파노라마 오션뷰와 일출을 감상하는 유네스코 세계자연유산","UNESCO World Natural Heritage volcanic tuff cone rising above the ocean with breathtaking 360-degree crater rim sunrise views","제주국제공항 급행 111, 112번 → 성산일출봉입구 하차 (도보 5분)","https://www.visitjeju.net","한국관광공사 TourAPI 4.0 및 HypeHeritage 정제 DB"
"관광명소/체험","jeju_bijarim_forest","JEJU","천년 비자나무 숲길 피톤치드 힐링 산책로 (비자림 입장권)","Bijarim Ancient Nutmeg Tree Forest Trail","자연","3000","500~800년 된 비자나무 2,800여 그루가 군락을 이룬 세계 최대 규모의 비자나무 숲 붉은 송이 흙길 산책로","World's largest pristine forest of over 2,800 ancient nutmeg trees dating back 800 years, offering healing red scoria volcanic gravel trails","제주버스터미널 간선 260번 버스 → 비자림 정류장 하차 (도보 3분)","https://www.visitjeju.net","한국관광공사 TourAPI 4.0 및 HypeHeritage 정제 DB"
"관광명소/체험","jeju_beaches_seopji","JEJU","에메랄드 함덕·협재 해변 및 섭지코지 해안 절경 둘레길","Hamdeok Emerald Coastline & Seopjikoji Scenic Walk","자연","0","투명한 에메랄드빛 바다와 야자수가 어우러진 함덕·협재 백사장과 붉은 화산재 언덕, 하얀 등대가 서 있는 섭지코지 해안 산책로","Crystal emerald shorelines lined with palm trees at Hamdeok & Hyeopjae beaches combined with breathtaking volcanic coastal cliffs of Seopjikoji","제주국제공항 급행 101, 102번 → 함덕해수욕장 / 섭지코지 입구","https://www.visitjeju.net","한국관광공사 TourAPI 4.0 및 HypeHeritage 정제 DB"
"관광명소/체험","seoul_hangang_healing","SEOUL","여의도/뚝섬 한강공원 잔디밭 피크닉 & 힐링 산책","Hangang River Park Picnic & Sunset Walk","자연","0","탁 트인 한강 수변 잔디밭에서 텐트와 돗자리를 펴고 즐기는 피크닉과 해질녘 서울 스카이라인 노을 산책로","Leisurely riverside picnic on lush Hangang lawns paired with glowing sunset strolls along the iconic Seoul skyline","5호선 여의나루역 2번 출구 / 7호선 뚝섬유원지역 2번 출구 직결","https://hangang.seoul.go.kr","한국관광공사 TourAPI 4.0 및 HypeHeritage 정제 DB"
"관광명소/체험","gangneung_bts_bus_stop","GANGNEUNG","향호해변 BTS 버스정류장 & 주문진 도깨비 방파제 투어","Hyangho Beach BTS Bus Stop & Goblin Breakwater Walk","명소","0","BTS '봄날(Spring Day)' 앨범 재킷 촬영지인 향호해변 버스정류장 포토존과 드라마 '도깨비' 명장면 주문진 방파제 해변 산책","Iconic BTS 'You Never Walk Alone (Spring Day)' album cover bus stop photo zone and the romantic Guardian (Goblin) drama seaside breakwater","강릉역에서 시내버스 300, 302번 → 주문진해변·향호리 하차 (도보 5분)","https://www.gn.go.kr/tour/","한국관광공사 TourAPI 4.0 및 HypeHeritage 정제 DB"
"관광명소/체험","gangneung_arte_museum","GANGNEUNG","아르떼뮤지엄 강릉 몰입형 미디어아트 전시 입장권","ARTE Museum Gangneung Immersive Media Art Ticket","엔터","17000","강원도 백두대간과 동해의 자연을 디지털 빛과 소리로 재해석한 1,500평 규모의 압도적인 몰입형 미디어아트 전시관","Overwhelming 1,500-pyeong immersive media art museum reinterpreting Gangwon's majestic mountains and roaring ocean waves in dazzling light and sound","강릉역에서 버스 202번 탑승 → 난설헌로·녹색도시체험센터 하차 (도보 7분)","https://artemuseum.com/GANGNEUNG","한국관광공사 TourAPI 4.0 및 HypeHeritage 정제 DB"
"관광명소/체험","gangneung_anmok_gyeongpo","GANGNEUNG","안목 커피거리 해변 산책로 & 경포호 힐링 자전거 둘레길","Anmok Coffee Street & Gyeongpo Lake Bicycle Trail","자연","0","동해안 푸른 파도를 감상하며 걷는 안목해변 커피거리 백사장과 솔숲 향 가득한 경포호수 4.3km 힐링 자전거 둘레길","Scenic sandy beachside walk along Anmok Coffee Street paired with peaceful 4.3km cycling trail circling pine-fringed Gyeongpo Lake","강릉역에서 버스 223, 503번 → 안목커피거리 하차 (도보 2분)","https://www.gn.go.kr/tour/","한국관광공사 TourAPI 4.0 및 HypeHeritage 정제 DB"
"관광명소/체험","seoul_seongsu_popup","SEOUL","성수동 팝업스토어 & 연무장길 스트리트 투어","Seongsu Pop-up Street Tour","쇼핑","0","트렌디한 팝업스토어와 플래그십 스토어가 즐비한 성수동 연무장길 패션·컬처 스트리트 투어","Trendy pop-up stores and flagship shops lining the Yeonmujang-gil fashion and culture district in Seongsu-dong","2호선 성수역 4번 출구 도보 3분","https://english.visitseoul.net","한국관광공사 TourAPI 4.0 및 HypeHeritage 정제 DB"
"관광명소/체험","seoul_ddp_hongdae","SEOUL","DDP 미래형 건축 파크 & 홍대 버스킹 스트리트","DDP Architectural Walk & Hongdae Busking","엔터","0","자하 하디드의 유려한 DDP 곡선 건축미와 홍대 어울마당로의 열정적인 거리 버스킹 공연 산책","Zaha Hadid's futuristic DDP landmark paired with dynamic live youth busking on Hongdae Street","2·4·5호선 동대문역사문화공원역 1번 출구","https://ddp.or.kr","한국관광공사 TourAPI 4.0 및 HypeHeritage 정제 DB"
"관광명소/체험","seoul_n_tower","SEOUL","N서울타워 전망대 입장권 (야경 파노라마 뷰)","N Seoul Tower Observatory Ticket","명소","21000","남산 정상에서 360도 파노라마로 서울의 도심 스카이라인과 눈부신 야경을 감상하는 필수 전망대 티켓","Observation deck ticket offering 360-degree panoramic skyline night views atop Namsan Mountain","4호선 명동역 3번 출구 (남산 케이블카 환승)","https://www.nseoultower.co.kr","한국관광공사 TourAPI 4.0 및 HypeHeritage 정제 DB"
"관광명소/체험","busan_blueline_park","BUSAN","해운대 블루라인파크 스카이캡슐 티켓","Haeundae Blueline Park Sky Capsule","엔터","35000","해운대 미포에서 청사포까지 해안 절벽 공중 레일 위를 달리는 프라이빗 스카이캡슐 탑승권","Private aerial Sky Capsule ticket gliding along the picturesque Haeundae coastal cliffs from Mipo to Cheongsapo","2호선 중동역 7번 출구 (미포정거장 도보 12분)","https://www.bluelinepark.com","한국관광공사 TourAPI 4.0 및 HypeHeritage 정제 DB"
"관광명소/체험","busan_ocean_night","BUSAN","더베이101 마린시티 반영 뷰 & 광안리 밤바다/드론쇼 투어","The Bay 101 & Gwangalli Night Ocean View","명소","0","더베이101 수변에서 즐기는 마린시티 마천루 반영 사진과 광안리 해변 밤바다 드론 라이트쇼 관람","Breathtaking Marine City skyscraper water reflections at The Bay 101 and illuminated Gwangalli drone light show","2호선 동백역 1번 출구 (도보 10분)","https://thebay101.com","한국관광공사 TourAPI 4.0 및 HypeHeritage 정제 DB"
"관광명소/체험","seoul_mullae","SEOUL","문래창작촌 & 철공소 골목","Mullae Arts Village & Ironworks Alleys","명소","0","기계 소리 울리는 낡은 철공소 골목 사이에 빈티지 루프탑 카페와 와인바, 인디 갤러리가 숨어있는 한국 2030 뉴트로 핫플","Vibrant retro district where active ironworks factories harmonize with hidden rooftop cafes, indie galleries, and natural wine bars","2호선 문래역 7번 출구 도보 5분","https://english.visitseoul.net","한국관광공사 TourAPI 4.0 및 HypeHeritage 정제 DB"
"관광명소/체험","seoul_seochon","SEOUL","서촌 세종마을 & 보안여관","Seochon Village & Boan Inn Art Space","명소","0","경복궁 서쪽 옛 문인들의 예술 터전으로 80년 역사의 보안여관 갤러리와 통인시장 기름떡볶이, 한옥 감성 카페가 이어지는 산책로","Historic literary village west of Gyeongbokgung Palace featuring 80-year-old Boan Inn art space and charming hanok cafes","3호선 경복궁역 2, 3번 출구 도보 5분","https://hanok.seoul.go.kr","한국관광공사 TourAPI 4.0 및 HypeHeritage 정제 DB"
"관광명소/체험","seoul_mangwon","SEOUL","망원한강공원 & 망리단길","Mangwon Hangang Park & Mangridan-gil","자연","0","망원시장의 닭강정과 고추튀김을 사들고 여유롭게 피크닉을 즐기는 한강 잔디밭과 아기자기한 독립 소품샵 골목길","Beloved local riverside retreat paired with Mangwon Market street snacks and quirky independent boutique cafes","6호선 망원역 2번 출구 도보 10분","https://hangang.seoul.go.kr","한국관광공사 TourAPI 4.0 및 HypeHeritage 정제 DB"
"관광명소/체험","seoul_yangjae","SEOUL","양재천 메타세쿼이아길 & 카페거리","Yangjaecheon Metasequoia Trail & Cafe Street","자연","0","도심 속 시원하게 뻗은 거대한 메타세쿼이아 가로수길 아래로 흐르는 맑은 개천과 감성 와인바, 테라스 브런치를 만나는 힐링 명소","Soaring metasequoia tree boulevard hugging the scenic stream, renowned for European terrace brunch cafes and sunset strolls","3호선·신분당선 양재시민의숲역 1, 2번 출구 도보 5분","https://english.visitseoul.net","한국관광공사 TourAPI 4.0 및 HypeHeritage 정제 DB"
"관광명소/체험","seoul_bukhansan_ui","SEOUL","북한산 우이동 숲속 카페거리 & 백운대","Bukhansan Ui-dong Forest Cafe Street & Baegundae","자연","0","북한산 최고봉 백운대를 오르는 관문이자 시원한 우이계곡 물소리를 들으며 대형 베이커리 숲 카페에서 힐링하는 한국인 주말 쉼터","Gateway to Bukhansan's highest peak Baegundae, surrounded by murmuring stream valleys and spacious nature-themed bakery cafes","우이신설선 북한산우이역 2번 출구 도보 5분","https://www.knps.or.kr","한국관광공사 TourAPI 4.0 및 HypeHeritage 정제 DB"
"관광명소/체험","seoul_gyeongbokgung","SEOUL","경복궁","Gyeongbokgung Palace","명소","3000","조선 왕조 제1의 법궁으로 수문장 교대의식과 한복 착용 시 무료 입장이 가능한 필수 명소","The main royal palace of Joseon dynasty with free entry in Hanbok and royal guard ceremonies","3호선 경복궁역 5번 출구 (도보 3분) / 5호선 광화문역 2번 출구","https://www.royalpalace.go.kr","한국관광공사 TourAPI 4.0 및 HypeHeritage 정제 DB"
"관광명소/체험","seoul_nseoultower","SEOUL","N서울타워 전망대","N Seoul Tower Observatory","명소","21000","서울 시내 전체를 360도로 한눈에 조망하는 대표 야경 랜드마크","360-degree panoramic skyline view of Seoul","4호선 명동역 3번 출구 (남산케이블카 도보 10분) / 충무로역 01번 순환버스","https://www.nseoultower.co.kr","한국관광공사 TourAPI 4.0 및 HypeHeritage 정제 DB"
"관광명소/체험","seoul_gwanghwamun","SEOUL","광화문광장 & 세종대왕 동상","Gwanghwamun Square & King Sejong","명소","0","세종대왕과 이순신 장군 동상이 자리하고 북악산과 경복궁이 한눈에 펼쳐지는 역사·문화 중심 광장","The historic heart of Seoul featuring iconic statues of King Sejong the Great and Admiral Yi Sun-sin","5호선 광화문역 2, 9번 출구 직접 연결 / 3호선 경복궁역 6번 출구","https://gwanghwamun.seoul.go.kr","한국관광공사 TourAPI 4.0 및 HypeHeritage 정제 DB"
"관광명소/체험","seoul_seoulsky","SEOUL","롯데월드타워 서울스카이","Lotte World Tower Seoul Sky","명소","29000","세계 5위 높이(555m) 118층 초고층 타워에서 만나는 압도적인 스카이데크 유리 바닥 전망대","The 5th tallest building in the world (555m) featuring glass-floor sky decks and sweeping skyline views","2·8호선 잠실역 1, 2번 지하 연결","https://seoulsky.lotteworld.com","한국관광공사 TourAPI 4.0 및 HypeHeritage 정제 DB"
"관광명소/체험","seoul_bukchon","SEOUL","북촌한옥마을","Bukchon Hanok Village","명소","0","경복궁과 창덕궁 사이 600년 역사를 간직한 수백 채의 전통 기와집과 감고당길 골목 투어 명소","Historic village nestled between royal palaces, home to hundreds of traditional Korean tile-roofed houses","3호선 안국역 2, 3번 출구 (도보 7분)","https://hanok.seoul.go.kr","한국관광공사 TourAPI 4.0 및 HypeHeritage 정제 DB"
"관광명소/체험","seoul_seongsu","SEOUL","성수동 연무장길","Seongsu-dong Yeonmujang-gil","쇼핑","0","서울의 브루클린으로 불리며 감각적인 패션 플래그십 팝업스토어와 트렌디한 베이커리 카페 거리","The 'Brooklyn of Seoul' buzzing with iconic fashion flagship pop-ups, artisanal cafes, and trendy bakeries","2호선 성수역 4번 출구 / 뚝섬역 5번 출구","https://english.visitseoul.net","한국관광공사 TourAPI 4.0 및 HypeHeritage 정제 DB"
"관광명소/체험","seoul_hongdae","SEOUL","홍대 걷고싶은거리","Hongdae Walking Street","엔터","0","청춘과 버스킹의 중심지로 K-Pop 댄스 거리공연과 개성 넘치는 인디 숍들이 활기를 띠는 명소","Korea's youth culture hub packed with spontaneous K-Pop busking performances, indie art shops, and nightlife","2호선·공항철도·경의중앙선 홍대입구역 8, 9번 출구","https://english.visitseoul.net","한국관광공사 TourAPI 4.0 및 HypeHeritage 정제 DB"
"관광명소/체험","seoul_gwangjang","SEOUL","광장시장","Gwangjang Market","전통시장","0","100년 전통의 대표 먹거리 시장으로 바삭한 녹두빈대떡, 마약김밥, 육회가 유명한 전통시장","Over 100 years of authentic street food heritage, famous for bindaetteok and mayak gimbap","1호선 종로5가역 8번 출구 / 2·5호선 을지로4가역 4번 출구","http://www.kwangjangmarket.co.kr","한국관광공사 TourAPI 4.0 및 HypeHeritage 정제 DB"
"관광명소/체험","seoul_namdaemun","SEOUL","남대문시장","Namdaemun Market","전통시장","0","600년 역사의 대한민국 최대 전통시장으로 갈치조림골목, 칼국수, 잡채호떡 등 먹거리와 잡화 쇼핑","Korea's largest traditional market with over 10,000 stalls offering local delicacies, fashion, and goods","4호선 회현역 5번 출구 (도보 1분)","https://english.visitseoul.net/attractions/Namdaemun-Market-Tourist-Information-Center/ENP027219","한국관광공사 TourAPI 4.0 및 HypeHeritage 정제 DB"
"관광명소/체험","seoul_yeouido_hangang","SEOUL","여의도 한강공원","Yeouido Hangang Park","체험/휴식","0","잔디밭 피크닉, 즉석 한강 라면 먹방, 로맨틱한 한강 유람선을 즐기는 서울의 대표 수변 쉼터","Premier riverside leisure spot loved for lawn picnics, instant Hangang ramen dining, and river cruise tours","5호선 여의나루역 2, 3번 출구 (도보 2분)","https://hangang.seoul.go.kr","한국관광공사 TourAPI 4.0 및 HypeHeritage 정제 DB"
"관광명소/체험","seoul_national_museum","SEOUL","국립중앙박물관 (사유의 방)","National Museum of Korea","명소","0","반가사유상이 모셔진 한국 최고의 국립 박물관","Korea's flagship national museum featuring Room of Quiet Contemplation","4호선·경의중앙선 이촌역 2번 출구 박물관 나들길 지하연결","https://www.museum.go.kr","한국관광공사 TourAPI 4.0 및 HypeHeritage 정제 DB"
"관광명소/체험","busan_hwangnyeongsan","BUSAN","황령산 봉수대 전망대","Hwangnyeongsan Beacon Observatory","명소","0","광안대교, 서면 도심, 부산항을 360도로 조망하는 부산 최고의 파노라마 야경 명소로 한국인 드라이브 1순위 코스","Premier 360-degree nightscape peak offering sweeping panoramas of Gwangan Bridge, Seomyeon, and Busan Harbor under starlight","2호선 금련산역 또는 시청역에서 택시 약 15분 (정상 주차장)","https://www.busan.go.kr/tour","한국관광공사 TourAPI 4.0 및 HypeHeritage 정제 DB"
"관광명소/체험","busan_yeonhwari","BUSAN","기장 연화리 해녀촌","Gijang Yeonhwa-ri Haenyeo Seafood Village","쇼핑","15000","바다 바로 앞 포장마차 평상에서 가마솥 전복죽과 싱싱한 해삼, 멍게, 산낙지 해산물 모둠을 맛보는 한국 로컬 미식 성지","Traditional seaside tent village where female divers serve rich boiling abalone porridge and freshly caught wild seafood platters","오시리아역에서 버스 139번 (연화리 정류장 하차 도보 3분)","https://www.gijang.go.kr/tour/","한국관광공사 TourAPI 4.0 및 HypeHeritage 정제 DB"
"관광명소/체험","busan_cheonghak","BUSAN","영도 산복도로 & 청학배수지전망대","Yeongdo Sanbok-doro & Cheonghak Reservoir Observatory","명소","0","오래된 부둣가 골목 위로 우뚝 솟은 부산항대교의 일곱 빛깔 LED 조명과 항만 크레인 야경을 영화처럼 담는 로컬 사진 명소","Scenic hillside road offering cinematic views of illuminated Busan Harbor Bridge and active maritime shipping docks","남포역 6번 출구에서 영도 버스 9, 82번 (청학배수지 하차)","https://www.yeongdo.go.kr/tour/","한국관광공사 TourAPI 4.0 및 HypeHeritage 정제 DB"
"관광명소/체험","busan_amisan","BUSAN","다대포 아미산전망대 & 모래톱 낙조","Dadaepo Amisan Observatory & Sandbar Sunset","자연","0","낙동강 민물과 남해 바다가 빚어낸 천혜의 삼각주 모래톱과 붉게 타오르는 석양을 감상하는 한국인 출사 및 일몰 명소","Stunning geological observatory overlooking pristine tidal sandbars where the Nakdong River merges into glowing sunset waters","1호선 다대포해수욕장역 1번 출구에서 마을버스 사하구 3-1번","https://www.saha.go.kr/tour/","한국관광공사 TourAPI 4.0 및 HypeHeritage 정제 DB"
"관광명소/체험","busan_beomeosa","BUSAN","금정산 범어사 & 천년솔숲","Geumjeongsan Beomeosa Temple & Pine Forest","명소","0","신라 문무왕 때 창건된 영남 3대 사찰로 등나무 군락지와 울창한 대나무 숲길, 계곡을 따라 걷는 한국인 힐링 템플로드","Thousand-year-old mountain temple nestled in Geumjeongsan slopes, renowned for tranquil wisteria valleys and bamboo forests","1호선 범어사역 5, 7번 출구 사이 버스 정류장에서 90번 버스 (범어사 매표소)","http://www.beomeo.kr","한국관광공사 TourAPI 4.0 및 HypeHeritage 정제 DB"
"관광명소/체험","busan_haeundae","BUSAN","해운대 해수욕장","Haeundae Beach","자연","0","부산을 대표하는 세계적인 도심 해변으로 탁 트인 백사장과 해안 산책로, 빌딩 숲이 어우러진 휴양 명소","Busan's most iconic coastal beach with vast sand, seaside promenade, and vibrant skyline","2호선 해운대역 3, 5번 출구 (도보 8분)","https://www.haeundae.go.kr/tour/","한국관광공사 TourAPI 4.0 및 HypeHeritage 정제 DB"
"관광명소/체험","busan_gamcheon","BUSAN","감천문화마을","Gamcheon Culture Village","명소","0","계단식 파스텔톤 가옥과 미로 골목, 어린왕자 포토존이 매력적인 문화마을","Vibrant hillside village featuring pastel houses, maze alleys, and Little Prince photo spot","1호선 토성역 6번 출구 → 사하1-1, 서구2 마을버스 환승","https://www.gamcheon.or.kr","한국관광공사 TourAPI 4.0 및 HypeHeritage 정제 DB"
"관광명소/체험","busan_gwangalli","BUSAN","광안리 해수욕장 & 드론쇼","Gwangalli Beach & Drone Light Show","명소","0","광안대교 다이아몬드 야경과 토요일 밤을 수놓는 환상적인 드론 라이트 쇼","Iconic Gwangan Bridge night views and Saturday night drone light show","2호선 광안역 3, 5번 출구 (도보 10분) / 금련산역","https://www.suyeong.go.kr/tour/","한국관광공사 TourAPI 4.0 및 HypeHeritage 정제 DB"
"관광명소/체험","busan_haedong","BUSAN","해동용궁사","Haedong Yonggungsa Temple","명소","0","푸른 동해 바다 깎아지른 바위 절벽 위에 세워진 신비로운 해안 사찰","Stunning Buddhist temple perched directly on seaside cliffs with sunrise views","동해선 오시리아역 1번 출구 → 139, 1001번 버스 환승","http://www.yongkungsa.or.kr","한국관광공사 TourAPI 4.0 및 HypeHeritage 정제 DB"
"관광명소/체험","busan_blueline","BUSAN","해운대 블루라인파크","Haeundae Blueline Park","엔터","16000","옛 철길을 따라 바다 위를 달리는 해변열차와 공중 스카이캡슐 액티비티","Scenic coastal train and aerial Sky Capsule ride along ocean tracks","2호선 중동역 7번 출구 (미포정거장 도보 12분)","https://www.bluelinepark.com","한국관광공사 TourAPI 4.0 및 HypeHeritage 정제 DB"
"관광명소/체험","busan_jagalchi","BUSAN","자갈치시장","Jagalchi Fish Market","쇼핑","0","대한민국 최대 수산시장으로 싱싱한 활어회와 포장마차의 활기찬 에너지","Korea's largest seafood market with fresh sashimi and lively stalls","1호선 자갈치역 10번 출구 (도보 3분) / 남포역 2번 출구","http://jagalchimarket.bisco.or.kr","한국관광공사 TourAPI 4.0 및 HypeHeritage 정제 DB"
"관광명소/체험","busan_biff_gukje","BUSAN","BIFF 광장 & 국제시장","BIFF Square & Gukje Market","쇼핑","0","명물 씨앗호떡 등 길거리 K-푸드와 레트로 만물 쇼핑의 천국","Iconic street food hub famous for Busan seed hotteok and vintage shopping","1호선 자갈치역 7번 출구 (도보 2분) / 남포역 1번 출구","https://www.bsjunggu.go.kr/tour/","한국관광공사 TourAPI 4.0 및 HypeHeritage 정제 DB"
"관광명소/체험","busan_huinnyeoul","BUSAN","흰여울문화마을","Huinnyeoul Culture Village","명소","0","영도 해안 절벽 골목길과 오션뷰 카페, 해안터널 포토존 명소","Scenic cliffside village in Yeongdo with cozy cafes and coastal tunnel","1호선 남포역 6번 출구 → 6, 7, 70, 71, 508번 버스 환승","https://www.yeongdo.go.kr/tour/01502/01503.web","한국관광공사 TourAPI 4.0 및 HypeHeritage 정제 DB"
"관광명소/체험","busan_songdo_cablecar","BUSAN","송도 해상케이블카 & 구름산책로","Songdo Marine Cable Car & Skywalk","엔터","17000","바다 위 86m를 가로지르는 크리스탈 케이블카와 곡선형 해상 스카이워크","Glide above the ocean in a glass-bottom cable car across Songdo Beach","1호선 자갈치/남포역 → 26, 30, 71번 버스 환승 (송도해수욕장)","http://www.busanaircruise.co.kr","한국관광공사 TourAPI 4.0 및 HypeHeritage 정제 DB"
"관광명소/체험","busan_xthesky","BUSAN","부산 엑스더스카이 (BUSAN X the SKY)","BUSAN X the SKY Observatory","명소","27000","엘시티 100층에서 해운대 해변과 광안대교를 조망하는 초고층 전망대","100th-floor observation deck offering 360-degree Busan ocean views","2호선 중동역 7번 출구 (도보 10분) / 해운대역","http://www.busanxthesky.com","한국관광공사 TourAPI 4.0 및 HypeHeritage 정제 DB"
"관광명소/체험","busan_taejongdae","BUSAN","태종대 유원지","Taejongdae Resort Park","자연","4000","울창한 해송 숲과 기암괴석 절벽, 영도 등대와 다누비 순환열차","Dramatic coastal cliffs, ocean lighthouse, and scenic Danubi train","1호선 남포역 6번 출구 → 8, 30, 66, 88번 버스 (태종대 종점)","https://www.bisco.or.kr/taejongdae/","한국관광공사 TourAPI 4.0 및 HypeHeritage 정제 DB"
"관광명소/체험","busan_thebay101","BUSAN","더베이101 & 마린시티","The Bay 101 & Marine City","명소","0","마천루 빌딩 숲의 환상적인 반영 야경과 요트 투어, 다이닝 핫플","Iconic waterfront for Marine City skyline reflection photos and sunset yachts","2호선 동백역 1번 출구 (도보 10분)","http://www.thebay101.com","한국관광공사 TourAPI 4.0 및 HypeHeritage 정제 DB"
"관광명소/체험","busan_centum_spaland","BUSAN","신세계 센텀시티 & 스파랜드","Shinsegae Centum City & Spa Land","쇼핑","23000","기네스 등재 세계 최대 백화점과 18개 테마 온천욕의 최고급 찜질스파","World's largest mall featuring luxury Korean Spa Land hot springs","2호선 센텀시티역 지하 12번 출구 직결","https://www.shinsegae.com/store/entertainment/spaland.do","한국관광공사 TourAPI 4.0 및 HypeHeritage 정제 DB"
"관광명소/체험","busan_tower","BUSAN","부산타워 & 용두산공원","Busan Tower & Yongdusan Park","명소","12000","원도심 정상에서 부산항 대교와 남포동 거리를 360도로 조망하는 전망 타워","Panoramic observation tower overlooking Busan Port and downtown Nampo","1호선 남포역 1번 출구 (광복로 에스컬레이터)","http://www.busantower.net","한국관광공사 TourAPI 4.0 및 HypeHeritage 정제 DB"
"관광명소/체험","busan_oryukdo","BUSAN","오륙도 스카이워크 & 해맞이공원","Oryukdo Skywalk & Sunrise Park","자연","0","동해와 남해의 분기점 절벽 위 U자형 투명 유리 다리와 해안 절경","Thrilling glass walkway set atop coastal cliffs dividing two seas","2호선 경성대부경대역 5번 출구 → 24, 27번 버스 (오륙도SK뷰)","https://www.namgu.busan.kr/tour/","한국관광공사 TourAPI 4.0 및 HypeHeritage 정제 DB"
"관광명소/체험","busan_jeonpo_cafe","BUSAN","전포 카페거리 & 서면","Jeonpo Cafe Street & Seomyeon","쇼핑","0","NYT 선정 추천 명소로 감각적인 로스터리 카페와 베이커리, K-패션 상권","Hip artisan cafe district praised by NYT, filled with trendy coffee shops","2호선 전포역 7, 8번 출구 (도보 2분) / 서면역 2번 출구","https://www.busan.go.kr/tour","한국관광공사 TourAPI 4.0 및 HypeHeritage 정제 DB"
"관광명소/체험","busan_cheongsapo","BUSAN","청사포 다릿돌전망대","Cheongsapo Daritdol Observatory","명소","0","바다 위로 뻗어나간 해상 전망대와 감성 쌍둥이 등대, 해변 조개구이 골목","Ocean skywalk projecting over reefs, famous for twin lighthouses & seafood","2호선 장산역 7번 출구 → 해운대구2 마을버스 (청사포 종점)","https://www.haeundae.go.kr/tour/","한국관광공사 TourAPI 4.0 및 HypeHeritage 정제 DB"
"관광명소/체험","busan_ahopsan","BUSAN","아홉산숲","Ahopsan Forest","자연","5000","400년 역사의 울창한 맹종죽 대나무 숲길과 영화·드라마 촬영 명소","Pristine 400-year-old preserved bamboo forest featured in major K-dramas","동해선 좌천/기장역 → 기장군 2-3번 마을버스 (미동마을)","http://www.ahopsan.net","한국관광공사 TourAPI 4.0 및 HypeHeritage 정제 DB"
"관광명소/체험","busan_lotteworld","BUSAN","롯데월드 어드벤처 부산","Lotte World Adventure Busan","엔터","47000","동화 왕국을 테마로 한 영남 최대 테마파크와 익스트림 롤러코스터","Largest theme park in southeast Korea with giant coasters and parades","동해선 오시리아역 1번 출구 (도보 10분)","https://adventurebusan.lotteworld.com","한국관광공사 TourAPI 4.0 및 HypeHeritage 정제 DB"
"관광명소/체험","busan_f1963","BUSAN","F1963 복합문화공간","F1963 Cultural Complex","명소","0","옛 와이어 공장을 재생한 공간으로 테라로사 커피, 갤러리, 힐링 대나무 뜰","Revitalized eco-factory housing Terarosa Coffee, art galleries, and bookstores","3호선 망미역 2번 출구 → 수영구2 마을버스 (산정아파트)","http://www.f1963.org","한국관광공사 TourAPI 4.0 및 HypeHeritage 정제 DB"
"관광명소/체험","jeju_andol_forest","JEJU","송당리 비밀의 숲 & 안돌오름","Songdang-ri Secret Forest & Andol Oreum","자연","3000","하늘 높이 뻗은 편백나무 숲과 민트색 트레일러 포토존, 들꽃 군락이 어우러진 한국 MZ세대 웨딩·인생샷 1위 명소","Mystical cypress forest trail dotted with iconic vintage mint campervans and seasonal wildflower pastures for dream photography","제주시 구좌읍 송당리 2173 (렌터카 비포장도로 진입 필수)","https://www.visitjeju.net","한국관광공사 TourAPI 4.0 및 HypeHeritage 정제 DB"
"관광명소/체험","jeju_saryeoni_red","JEJU","사려니숲길 붉은오름 트레킹","Saryeoni Forest Trail (Bulgeun Oreum Section)","자연","0","붉은 화산송이 길을 밟으며 짙은 피톤치드 삼나무 숲속을 거니는 제주 대표 무장애 나눔길이자 힐링 트레킹 성지","Healing forested pilgrimage trail over red volcanic scoria paths weaving through towering Japanese cedar groves","붉은오름 입구 주차장 / 남조로 231, 232번 버스 (사려니숲길 하차)","https://www.visitjeju.net","한국관광공사 TourAPI 4.0 및 HypeHeritage 정제 DB"
"관광명소/체험","jeju_gueom_salt","JEJU","애월 구엄리 돌염전 & 고내포구","Aewol Gueom-ri Rock Salt Flats & Gonae Port","명소","0","현무암 암반 위에 진흙 둑을 쌓아 바닷물을 말려 천일염을 얻던 선조들의 지혜가 담긴 해안 돌염전과 조용한 일몰 산책로","Ancient natural basalt rock salt pans overlooking crashing waves, offering quiet sunset strolls away from crowded cafe alleys","애월해안도로변 / 간선 202번 버스 (구엄포구 정류장 도보 2분)","https://www.visitjeju.net","한국관광공사 TourAPI 4.0 및 HypeHeritage 정제 DB"
"관광명소/체험","jeju_waheul_buckwheat","JEJU","조천 와흘메밀마을 & 보롬왓","Jocheon Waheul Buckwheat Field & Boromwat","자연","6000","초여름과 가을 두 번 피어나는 하얀 소금꽃 메밀밭과 보라색 라벤더, 핑크뮬리가 계절마다 넘실대는 한국인 감성 정원","Sweeping seasonal flower gardens celebrated for snow-white buckwheat blooms in June and autumn lavender fields","제주시 조천읍 번영로 2350-104 (렌터카 접근 용이)","https://www.visitjeju.net","한국관광공사 TourAPI 4.0 및 HypeHeritage 정제 DB"
"관광명소/체험","jeju_moseulpo_gapado","JEJU","모슬포항 & 가파도 청보리길","Moseulpo Port & Gapado Green Barley Island","자연","14000","봄이면 섬 전체가 초록빛 청보리 파도로 물드는 가파도 유람선 출항지이자 겨울철 대방어 축제가 열리는 남서부 맛의 고향","Departure harbor for Gapado Island famous for endless emerald green barley fields in spring and authentic winter yellowtail sashimi","운진항(모슬포)에서 가파도행 도항선 탑승 (약 10분 소요)","https://www.visitjeju.net","한국관광공사 TourAPI 4.0 및 HypeHeritage 정제 DB"
"관광명소/체험","jeju_seongsan","JEJU","성산일출봉","Seongsan Ilchulbong Tuff Cone","명소","5000","바다 위로 솟아오른 거대한 화산 분화구로 유네스코 세계자연유산이자 일출 명소","UNESCO World Natural Heritage volcanic tuff cone rising from the sea with sunrise views","제주버스터미널 → 111, 112, 211, 212번 버스 (성산일출봉입구)","https://www.jeju.go.kr/comm/visitor/worldheritage.htm","한국관광공사 TourAPI 4.0 및 HypeHeritage 정제 DB"
"관광명소/체험","jeju_udo","JEJU","우도","Udo Island","자연","10500","에메랄드빛 산호해변과 우도봉, 고소한 땅콩아이스크림이 기다리는 섬 속의 섬","Island off Jeju famous for turquoise coral waters, Udobong peak & peanut ice cream","성산포항 종합여객터미널에서 도항선 탑승 (약 15분 소요)","https://www.visitjeju.net/kr/detail/view?contentsid=CONT_000000000500474","한국관광공사 TourAPI 4.0 및 HypeHeritage 정제 DB"
"관광명소/체험","jeju_seopjikoji","JEJU","섭지코지","Seopjikoji","자연","0","붉은 화산송이 해안 언덕과 하얀 등대, 성산일출봉이 한눈에 펼쳐지는 명승지","Scenic coastal promontory with red volcanic hills, coastal cliffs & sweeping ocean vistas","성산포항 또는 일출봉에서 295번 버스 / 택시 5분","https://www.visitjeju.net/kr/detail/view?contentsid=CONT_000000000500445","한국관광공사 TourAPI 4.0 및 HypeHeritage 정제 DB"
"관광명소/체험","jeju_manjanggul","JEJU","만장굴","Manjanggul Lava Tube","자연","4000","유네스코 세계자연유산으로 지정된 신비로운 천연 용암동굴과 세계 최대 용암석주","UNESCO World Natural Heritage lava tube featuring colossal lava columns","제주버스터미널 → 211, 212, 101번 버스 (만장굴입구)","https://www.jeju.go.kr/comm/visitor/worldheritage.htm","한국관광공사 TourAPI 4.0 및 HypeHeritage 정제 DB"
"관광명소/체험","jeju_bijarim","JEJU","비자림","Bijarim Forest","자연","3000","천년의 세월을 품은 2,800여 그루 비자나무 군락지가 뿜어내는 피톤치드 힐링 숲","Ancient tranquil forest with over 2,800 nutmeg trees aged 500-800 years","제주버스터미널 → 211, 212번 버스 (비자림 정류장)","https://www.visitjeju.net/kr/detail/view?contentsid=CONT_000000000500305","한국관광공사 TourAPI 4.0 및 HypeHeritage 정제 DB"
"관광명소/체험","jeju_hamdeok","JEJU","함덕 해수욕장 & 서우봉","Hamdeok Beach & Seoubong Peak","자연","0","에메랄드빛 맑고 얕은 바다와 봄철 노란 유채꽃이 만발하는 서우봉 산책로","Korea's Maldives with shallow turquoise waters and canola blooms at Seoubong","제주공항/터미널 → 101, 325, 326번 버스 (함덕환승정류장)","https://www.visitjeju.net/kr/detail/view?contentsid=CONT_000000000500693","한국관광공사 TourAPI 4.0 및 HypeHeritage 정제 DB"
"관광명소/체험","jeju_woljeongri","JEJU","월정리 해변","Woljeongri Beach","명소","0","하얀 백사장과 바다 위 풍력발전기, 오션뷰 카페거리와 사색의자 포토존","Charming white sand beach with wind turbines, oceanfront cafes & photo chairs","제주공항 → 101번 급행버스 (월정리 정류장)","https://www.visitjeju.net","한국관광공사 TourAPI 4.0 및 HypeHeritage 정제 DB"
"관광명소/체험","jeju_snoopy_garden","JEJU","스누피 가든","Snoopy Garden Jeju","엔터","18000","피너츠 캐릭터들과 함께 제주의 자연 오름과 곶자왈 숲을 즐기는 감성 테마 가든","Charming Peanuts-themed nature park nestled in primeval forests and open-air gardens","제주버스터미널 → 211, 212번 버스 (아부오름/스누피가든)","https://www.snoopygarden.com","한국관광공사 TourAPI 4.0 및 HypeHeritage 정제 DB"
"관광명소/체험","jeju_bunker_lumieres","JEJU","빛의 벙커","Bunker des Lumières","명소","18000","옛 국가 비밀 벙커를 거대한 몰입형 미디어아트 전시관으로 탈바꿈한 문화공간","Hidden military concrete bunker transformed into a grand immersive digital art space","성산읍 고성환승정류장에서 셔틀버스 또는 택시 5분","https://www.bunkerdelumieres.com","한국관광공사 TourAPI 4.0 및 HypeHeritage 정제 DB"
"관광명소/체험","jeju_ecoland","JEJU","에코랜드 테마파크","Ecoland Theme Park","엔터","16000","1800년대 증기기관차를 타고 30만 평 신비로운 곶자왈 원시림을 달리는 기차 여행","Ride 1800s steam trains across 300,000 pyeong of primeval Gotjawal forest","제주버스터미널 → 231, 232번 버스 (에코랜드 정류장)","https://ecolandjeju.co.kr","한국관광공사 TourAPI 4.0 및 HypeHeritage 정제 DB"
"관광명소/체험","jeju_aewol_handam","JEJU","애월 한담해변 산책로","Aewol Handam Coastal Walk","명소","0","검은 현무암 해안선을 따라 걷는 바다 산책로와 투명 카약, 일몰 오션뷰 카페거리","Scenic oceanfront path following basalt coastline, famed for clear kayaks & sunset cafes","제주공항 → 102번 급행버스 / 202번 버스 (한담동 하차)","https://www.visitjeju.net","한국관광공사 TourAPI 4.0 및 HypeHeritage 정제 DB"
"관광명소/체험","jeju_hyeopjae","JEJU","협재 해수욕장","Hyeopjae Beach","자연","0","은빛 모래와 수심이 얕은 코발트빛 바다, 손에 잡힐 듯 떠 있는 비양도의 절경","Pristine white shell sand beach with shallow cobalt waters and offshore Biyangdo views","제주공항 → 102번 급행버스 → 202번 환승 (협재해수욕장)","https://www.visitjeju.net/kr/detail/view?contentsid=CONT_000000000500697","한국관광공사 TourAPI 4.0 및 HypeHeritage 정제 DB"
"관광명소/체험","jeju_hallym_park","JEJU","한림공원","Hallym Park","자연","15000","야자수길, 아열대 식물원, 천연기념물 협재굴·쌍용굴을 한곳에서 만나는 거대 식물원","100,000 pyeong botanical park featuring palm tree avenues, tropical gardens & lava caves","202번 버스 (한림공원 정류장 하차 도보 1분)","http://www.hallimpark.co.kr","한국관광공사 TourAPI 4.0 및 HypeHeritage 정제 DB"
"관광명소/체험","jeju_osulloc","JEJU","오설록 티 뮤지엄 & 이니스프리","Osulloc Tea Museum & Innisfree","명소","0","초록빛 녹차밭 파노라마와 한국 전통 차 문화 체험, 진한 녹차 디저트의 성지","Endless rolling green tea fields, traditional tea museum & green tea soft cream","제주버스터미널 → 151, 152번 급행버스 직결 (오설록)","https://www.osulloc.com","한국관광공사 TourAPI 4.0 및 HypeHeritage 정제 DB"
"관광명소/체험","jeju_geumoreum","JEJU","금오름","Geum Oreum","자연","0","정상에 신비로운 분화구 호수를 품고 있어 환상적인 일몰 파노라마를 감상하는 오름","Famous volcanic cone with a summit crater wetland, offering magnificent sunset panoramas","한림환승정류장에서 784-1번 지선버스 / 택시 10분","https://www.visitjeju.net","한국관광공사 TourAPI 4.0 및 HypeHeritage 정제 DB"
"관광명소/체험","jeju_sinchang_windmill","JEJU","신창 풍차해안도로","Sinchang Windmill Coastal Road","명소","0","바다 위로 늘어선 거대한 해상 풍력발전기 사이 싱계물공원 다리를 걷는 일몰 명소","Scenic coastal route dotted with giant offshore wind turbines and ocean walkways","202번 버스 (신창리 하차 도보 10분)","https://www.visitjeju.net","한국관광공사 TourAPI 4.0 및 HypeHeritage 정제 DB"
"관광명소/체험","jeju_arte_museum","JEJU","아르떼뮤지엄 제주","Arte Museum Jeju","엔터","17000","영원한 자연을 테마로 빛과 소리가 빚어내는 대한민국 대표 몰입형 미디어아트","Korea's premier immersive digital art exhibition presenting breathtaking nature themes","제주공항 → 151, 255번 버스 (화전마을 하차 택시 5분)","https://artemuseum.com","한국관광공사 TourAPI 4.0 및 HypeHeritage 정제 DB"
"관광명소/체험","jeju_shinhwa_world","JEJU","제주신화월드 테마파크","Shinhwa Theme Park","엔터","20000","롤러코스터와 다채로운 어트랙션, 캐릭터 퍼레이드가 펼쳐지는 대형 야외 테마파크","Vibrant family theme park in Shinhwa Resort featuring roller coasters and parades","제주공항 → 151번 급행버스 직결 (제주신화월드)","https://www.shinhwaworld.com","한국관광공사 TourAPI 4.0 및 HypeHeritage 정제 DB"
"관광명소/체험","jeju_jusangjeolli","JEJU","대포 주상절리대","Daepo Jusangjeolli Cliff","자연","2000","자연이 빚어낸 육각형 현무암 기둥 절벽 위로 거대한 푸른 파도가 부딪히는 비경","Magnificent hexagonal basalt pillars formed by cooling volcanic lava and crashing waves","제주공항 → 600번 리무진버스 (제주국제컨벤션센터 ICC 하차 도보 7분)","https://www.seogwipo.go.kr/tour/","한국관광공사 TourAPI 4.0 및 HypeHeritage 정제 DB"
"관광명소/체험","jeju_cheonjiyeon","JEJU","천지연폭포","Cheonjiyeon Waterfall","자연","2000","기암절벽과 울창한 난대림을 배경으로 떨어지는 22m 폭포와 야간 조명 산책길","Dramatic 22m waterfall surrounded by subtropical forests, beautifully illuminated at night","서귀포터미널 → 202, 510번 버스 (천지연폭포 정류장)","https://www.seogwipo.go.kr/tour/","한국관광공사 TourAPI 4.0 및 HypeHeritage 정제 DB"
"관광명소/체험","jeju_jeongbang","JEJU","정방폭포","Jeongbang Waterfall","자연","2000","23m 높이의 검은 절벽에서 바다로 직접 수직 낙하하는 동양 유일의 해안 폭포","The only coastal waterfall in Asia that plunges directly into the ocean from black cliffs","서귀포 시내에서 510번 버스 (정방폭포 하차 도보 3분)","https://www.seogwipo.go.kr/tour/","한국관광공사 TourAPI 4.0 및 HypeHeritage 정제 DB"
"관광명소/체험","jeju_seogwipo_market","JEJU","서귀포 매일올레시장","Seogwipo Maeil Olle Market","쇼핑","0","마농치킨, 모닥치기, 감귤 찹쌀떡과 활기찬 야시장 푸드트럭이 가득한 전통시장","Lively traditional market famous for garlic fried chicken, citrus mochi & night foods","서귀포 시내 중심 / 181, 201, 202번 버스 (서귀포등기소)","https://www.visitjeju.net","한국관광공사 TourAPI 4.0 및 HypeHeritage 정제 DB"
"관광명소/체험","jeju_soesokkak","JEJU","쇠소깍","Soesokkak Estuary","자연","0","용암 계곡 사이로 지하수와 바닷물이 만나는 비경에서 즐기는 전통 테우와 나룻배","Emerald river estuary formed where spring water meets sea, famed for flat raft Teu rides","제주공항 → 181번 버스 → 하효마을 환승 (도보 10분)","https://www.seogwipo.go.kr/tour/","한국관광공사 TourAPI 4.0 및 HypeHeritage 정제 DB"
"관광명소/체험","jeju_yongmeori_sanbang","JEJU","용머리해안 & 산방산","Yongmeori Coast & Sanbangsan","자연","2000","수천만 년 퇴적된 사암 절벽이 용의 머리처럼 바다로 향하는 신비로운 해안 비경","Spectacular layered sandstone cliffs resembling a dragon beneath giant Sanbangsan","제주버스터미널 → 251, 252번 버스 (산방산 정류장)","https://www.seogwipo.go.kr/tour/","한국관광공사 TourAPI 4.0 및 HypeHeritage 정제 DB"
"관광명소/체험","jeju_camellia_hill","JEJU","카멜리아 힐","Camellia Hill","자연","10000","전 세계 500여 종의 동백꽃과 계절별 수국, 핑크뮬리가 물드는 동양 최대 동백 수목원","Asia's largest camellia arboretum featuring 500 camellia varieties, hydrangeas & pink muhly","동광환승정류장 → 752-2번 버스 (카멜리아힐)","https://www.camelliahill.co.kr","한국관광공사 TourAPI 4.0 및 HypeHeritage 정제 DB"
"관광명소/체험","jeju_pororo_park","JEJU","제주 뽀로로앤타요 테마파크","Pororo & Tayo Theme Park Jeju","엔터","25000","뽀로로와 타요 캐릭터를 만나는 실내외 4천 평 규모의 아시아 최대 캐릭터 테마파크","Asia's largest character theme park spanning 4,000 pyeong of indoor and outdoor fun","동광환승센터에서 752-1번 버스 / 택시 5분","http://www.pororopark.com","한국관광공사 TourAPI 4.0 및 HypeHeritage 정제 DB"
"관광명소/체험","jeju_dongmun_market","JEJU","동문전통시장 & 야시장","Dongmun Traditional Market & Night Market","쇼핑","0","제주 최대 전통시장으로 딱새우회, 오메기떡 쇼핑과 밤마다 화려한 불쇼가 열리는 야시장","Jeju's oldest market famous for red band shrimp, Omegi cakes, citrus & night street foods","제주국제공항에서 316, 325, 466번 버스 (동문시장 하차)","https://www.visitjeju.net/kr/detail/view?contentsid=CONT_000000000500249","한국관광공사 TourAPI 4.0 및 HypeHeritage 정제 DB"
"관광명소/체험","jeju_yongduam","JEJU","용두암 & 용연구름다리","Yongduam Rock & Yongyeon Bridge","명소","0","용이 포효하는 형상의 바다 화산암 바위와 에메랄드빛 계곡 구름다리의 야경","Dragon-head volcanic rock beside picturesque suspension footbridge at Yongyeon Pond","제주공항에서 차/택시 10분 / 431, 466번 버스","https://www.visitjeju.net","한국관광공사 TourAPI 4.0 및 HypeHeritage 정제 DB"
"관광명소/체험","jeju_dodu_rainbow","JEJU","도두동 무지개해안도로 & 도두봉","Dodu Rainbow Road & Dodubong","명소","0","알록달록 무지개 방호벽 포토존과 도두봉 정상 키세스존에서 즐기는 비행기 뷰","Colorful rainbow seaside road and Dodubong hill famed for the Kiss-zone silhouette","제주공항에서 차/택시 10분 / 453번 버스 (도두봉동쪽입구)","https://www.visitjeju.net","한국관광공사 TourAPI 4.0 및 HypeHeritage 정제 DB"
"관광명소/체험","jeju_hallasan","JEJU","한라산 국립공원 (영실/성판악)","Hallasan National Park","자연","0","대한민국 최고봉(1,947m)으로 영실기암과 백록담의 사계절 경이로운 대자연","South Korea's highest mountain (1,947m) and UNESCO Biosphere Reserve alpine trails","제주버스터미널 → 281번 버스 (성판악) / 240번 버스 (영실)","https://www.jeju.go.kr/hallasan/","한국관광공사 TourAPI 4.0 및 HypeHeritage 정제 DB"
"관광명소/체험","incheon_seonjaedo_bada","INCHEON","선재도 뻘다방 & 목섬 모세의 기적","Seonjaedo Bbeol Dabang & Mokseom Sea-Parting","명소","0","CNN이 선정한 한국의 아름다운 섬 1위 목섬의 바닷길 열림과 쿠바 휴양지 감성으로 꾸며진 비치 카페에서 즐기는 힐링 드라이브","Miraculous twice-daily sea-parting sandbank to Mokseom Island, paired with vibrant Caribbean-themed beach cafe Bbeol Dabang","대부도 방아머리에서 선재대교 진입 자차 드라이브 권장","https://www.incheon.go.kr/tour/","한국관광공사 TourAPI 4.0 및 HypeHeritage 정제 DB"
"관광명소/체험","incheon_gyodong_daeryong","INCHEON","강화도 교동도 대룡시장","Ganghwa Gyodongdo Daeryong Market","쇼핑","0","민통선 검문소를 지나 들어가는 시간여행지로 6.25 피난민들이 고향 연백시장을 본떠 만든 1960년대 골목과 쌍화차 다방","Living 1960s time-capsule market built by wartime refugees inside the civilian control zone, famous for herbal Ssanghwa tea","교동대교 진입 시 신분증 제시 필수 (자차 이동)","https://www.ganghwa.go.kr/tour/","한국관광공사 TourAPI 4.0 및 HypeHeritage 정제 DB"
"관광명소/체험","incheon_baedari_books","INCHEON","배다리 헌책방 골목 & 복합문화공간","Baedari Secondhand Bookstore Alley & Art Space","명소","0","드라마 '도깨비'의 노란 책방(한미서점)으로 유명하며 반세기 역사의 헌책방과 레트로 독립서점, 아트 스테이션이 공존하는 문화 골목","Charming vintage book district famous for yellow Hanmi Bookstore from K-drama Goblin, lined with secondhand bookshops and art spaces","1호선 도원역 1번 출구 도bo 7분 또는 동인천역 4번 출구","https://www.icjunggu.go.kr/tour/","한국관광공사 TourAPI 4.0 및 HypeHeritage 정제 DB"
"관광명소/체험","incheon_masian_beach","INCHEON","영종도 마시안해변 조개구이 & 빵공장","Yeongjongdo Masian Beach Clam Bake & Bakery","자연","0","광활한 서해 갯벌을 바라보며 조개구이와 칼국수를 맛보고 초대형 마시안 제빵소에서 갓 구운 빵과 노을을 즐기는 수도권 드라이브 핫플","Expansive tidal flat beach loved for sizzling grilled clams, warm seafood noodle soups, and gigantic oceanfront bakeries","공항철도 용유역에서 버스 중구 2-1번 또는 자차 이동","https://www.incheon.go.kr/tour/","한국관광공사 TourAPI 4.0 및 HypeHeritage 정제 DB"
"관광명소/체험","incheon_arabatgil_jeongseo","INCHEON","경인아라뱃길 정서진 & 아라폭포","Gyeongin Ara Waterway Jeongseojin & Ara Waterfall","자연","0","광화문 정서쪽에 자리잡은 서해 낙조 랜드마크 '노을종'과 계곡 절벽을 쏟아져 내리는 웅장한 인공 아라폭포 및 라이더들의 성지","Sunset landmark directly west of Gwanghwamun square, highlighted by the glowing Sunset Bell monument and roaring Ara Waterfall","공항철도 청라국제도시역에서 버스 77-1번 (정서진 하차)","https://www.incheon.go.kr/tour/","한국관광공사 TourAPI 4.0 및 HypeHeritage 정제 DB"
"관광명소/체험","incheon_chinatown","INCHEON","인천 차이나타운","Incheon Chinatown","명소","0","1883년 개항 후 형성된 한국 최초 차이나타운으로 원조 짜장면 거리와 화덕만두, 홍등 거리","Korea's premier Chinatown established in 1883, birthplace of Jajangmyeon noodles","1호선·수인분당선 인천역 1번 출구 바로 앞","https://www.icjunggu.go.kr/tour/","한국관광공사 TourAPI 4.0 및 HypeHeritage 정제 DB"
"관광명소/체험","incheon_songwol_donghwa","INCHEON","송월동 동화마을","Songwol-dong Fairy Tale Village","명소","0","피터팬과 도로시 등 세계 명작 동화를 알록달록 입체 벽화와 조형물로 꾸며낸 감성 거리","Whimsical open-air neighborhood adorned with vibrant fairy-tale street murals and 3D sculptures","1호선·수인분당선 인천역 2번 출구 (도보 5분, 차이나타운 인접)","https://www.icjunggu.go.kr/tour/","한국관광공사 TourAPI 4.0 및 HypeHeritage 정제 DB"
"관광명소/체험","incheon_openport","INCHEON","개항장 문화지구","Incheon Open Port Historic District","명소","0","1883년 개항 당시 청·일 조계지 경계 계단, 옛 일본제1은행, 대불호텔 등 근대 건축 거리","Historic district preserving 19th-century colonial banks, Daebul Hotel & heritage stairs","1호선·수인분당선 인천역 1번 출구 (도보 5분)","https://www.icjunggu.go.kr/tour/","한국관광공사 TourAPI 4.0 및 HypeHeritage 정제 DB"
"관광명소/체험","incheon_sinpo_market","INCHEON","신포국제시장","Sinpo International Market","쇼핑","0","바삭하고 매콤달콤한 원조 신포닭강정과 쫄깃한 공갈빵, 만두가 줄을 잇는 전통시장","Historic marketplace famous for spicy sweet crunchy glazed fried chicken and hollow sweet bread","수인분당선 신포역 3번 출구 (도보 3분) / 1호선 동인천역 2번 출구","http://sinpomarket.com","한국관광공사 TourAPI 4.0 및 HypeHeritage 정제 DB"
"관광명소/체험","incheon_wolmido","INCHEON","월미도 문화의거리 & 테마파크","Wolmido Culture Street & Theme Park","엔터","0","서해 바다를 마주한 해안 산책로와 유쾌한 DJ의 디스코팡팡, 2층 바이킹 레트로 테마파크","Waterfront boardwalk overlooking Incheon harbor with the world-famous comedy Disco Pang Pang","인천역 1번 출구 → 2, 10, 45번 버스 (월미도 종점)","http://www.my-land.co.kr","한국관광공사 TourAPI 4.0 및 HypeHeritage 정제 DB"
"관광명소/체험","incheon_wolmi_sea_train","INCHEON","월미바다열차","Wolmi Sea Train Monorail","명소","8000","국내 최장 도심형 관광 모노레일로 사일로 벽화와 서해 바다 낙조를 공중에서 조망","Korea's longest urban monorail running high above Incheon port and scenic coastal sunsets","1호선·수인분당선 인천역 1번 출구 월미바다열차 탑승장","https://www.wolmiseatrain.or.kr","한국관광공사 TourAPI 4.0 및 HypeHeritage 정제 DB"
"관광명소/체험","incheon_songdo_central","INCHEON","송도 센트럴파크 & 수상택시","Songdo Central Park & Water Taxi","자연","0","바닷물을 끌어들인 국내 최초 해수공원에서 즐기는 반짝이는 문보트와 수상택시 투어","Korea's first seawater park nestled among futuristic skyscrapers, famous for LED moon boats","인천1호선 센트럴파크역 3번 출구 바로 앞","https://www.insiseol.or.kr","한국관광공사 TourAPI 4.0 및 HypeHeritage 정제 DB"
"관광명소/체험","incheon_songdo_gtower","INCHEON","송도 G타워 전망대","Songdo G-Tower Observatory","명소","0","33층 IFEZ 홍보관에서 센트럴파크와 송도 마천루, 서해바다와 인천대교를 무료 조망","Free observatory on 33rd floor offering 360-degree panoramic skyline views of Songdo","인천1호선 센트럴파크역 4번 출구 (도보 5분)","https://www.ifez.go.kr","한국관광공사 TourAPI 4.0 및 HypeHeritage 정제 DB"
"관광명소/체험","incheon_tribowl","INCHEON","송도 트라이보울","Songdo Tri-bowl","명소","0","물 위에 뜬 3개의 곡면 그릇 형태를 띤 세계 최초 역쉘 건축물이자 야경 핫플레이스","Iconic architectural marvel featuring three curved bowl shapes floating over water with night lights","인천1호선 센트럴파크역 3번 출구 바로 앞","http://www.tribowl.kr","한국관광공사 TourAPI 4.0 및 HypeHeritage 정제 DB"
"관광명소/체험","incheon_songdo_hanok","INCHEON","송도 한옥마을 & 경원재","Songdo Hanok Village & Gyeongwonjae","명소","0","초현대식 고층 빌딩과 고풍스러운 전통 기와가 어우러진 센트럴파크 속 한옥 복합단지","Traditional hanok architecture juxtaposed against towering skyscrapers inside Central Park","인천1호선 센트럴파크역 3번 출구 (공원 내부)","https://www.ifez.go.kr","한국관광공사 TourAPI 4.0 및 HypeHeritage 정제 DB"
"관광명소/체험","incheon_triple_street","INCHEON","트리플스트리트 & 현대프리미엄아울렛","Triple Street & Hyundai Premium Outlets","쇼핑","0","A·B·C·D 4개 동의 감각적인 쇼핑 스트리트와 K-패션, 맛집, 루프탑 정원 복합문화공간","Massive lifestyle shopping strip connected to Hyundai Outlets featuring top K-fashion & dining","인천1호선 테크노파크역 2번 출구 지하 직결","http://triplestreet.co.kr","한국관광공사 TourAPI 4.0 및 HypeHeritage 정제 DB"
"관광명소/체험","incheon_inspire_resort","INCHEON","인스파이어 엔터테인먼트 리조트","Inspire Entertainment Resort","엔터","0","길이 150m 천장을 헤엄치는 초현실적인 미디어아트 '오로라' 고래 쇼와 복합 리조트","World-class resort famous for 'Aurora', a 150m immersive digital ceiling whale spectacle","인천공항 T1/T2에서 인스파이어 무료 셔틀버스 상시 운행","https://www.inspirekorea.com","한국관광공사 TourAPI 4.0 및 HypeHeritage 정제 DB"
"관광명소/체험","incheon_paradise_city","INCHEON","파라다이스시티 & 아트스페이스","Paradise City & Art Space","엔터","0","쿠사마 야요이의 '호박' 등 3천여 점의 미술품과 럭셔리 K-스파 '씨메르'가 있는 복합 리조트","Luxury art-tainment resort displaying 3,000+ master artworks alongside K-style spa CIMER","공항철도 자기부상열차 파라다이스시티역 직결 / T1 셔틀 5분","https://www.p-city.com","한국관광공사 TourAPI 4.0 및 HypeHeritage 정제 DB"
"관광명소/체험","incheon_eulwangri","INCHEON","을왕리 해수욕장","Eulwangri Beach","자연","0","초승달 백사장과 서해안 최고의 붉은 낙조, 싱싱한 조개구이 거리가 펼쳐진 영종도 대표 해변","Crescent-shaped sandy beach famed for spectacular orange sunsets and seaside grilled clams","인천공항 T1 3층 2번 게이트 → 306, 111번 버스 (을왕리해수욕장)","https://www.incheon.go.kr/tour/","한국관광공사 TourAPI 4.0 및 HypeHeritage 정제 DB"
"관광명소/체험","incheon_yeongjong_railbike","INCHEON","영종 씨사이드파크 & 레일바이크","Yeongjong Seaside Park & Rail Bike","엔터","15000","서해 바다와 웅장한 인천대교를 바로 옆에 두고 왕복 5.6km 해안 철길을 달리는 레일바이크","5.6km round-trip seaside rail bike cruising along the coast with views of Incheon Grand Bridge","공항철도 영종역 → 3, 202번 시내버스 (구읍뱃터/레일바이크)","https://www.insiseol.or.kr","한국관광공사 TourAPI 4.0 및 HypeHeritage 정제 DB"
"관광명소/체험","incheon_ganghwa_joyang","INCHEON","조양방직","Joyang Bangjik","명소","0","1933년 방직공장을 빈티지 미술관형 레트로 카페로 재탄생시킨 강화도 최고 핫플레이스","1930s historic textile factory revamped into a monumental vintage museum cafe","강화터미널에서 도보 15분 / 군내버스 30, 31, 38번 (신문리 하차)","https://www.ganghwa.go.kr/tour/","한국관광공사 TourAPI 4.0 및 HypeHeritage 정제 DB"
"관광명소/체험","incheon_ganghwa_luge","INCHEON","강화 루지 (강화씨사이드리조트)","Ganghwa Seaside Resort Luge","엔터","19000","동양 최장 1.8km 코스 2개 라인을 서해 바다를 보며 쾌속 질주하는 익스트림 루지 액티비티","Asia's longest 1.8km track luge racing down lush hillsides with panoramic ocean views","강화버스터미널에서 60-5번 버스 또는 택시 15분","https://ganghwa-resort.co.kr","한국관광공사 TourAPI 4.0 및 HypeHeritage 정제 DB"
"관광명소/체험","incheon_ganghwa_jeondeungsa","INCHEON","강화 전등사","Jeondeungsa Temple","명소","0","삼랑성 안에 자리한 현존하는 한국 최고(最古) 천년고찰이자 울창한 숲속 템플스테이 명소","Korea's oldest extant Buddhist temple nestled inside ancient fortress walls, famed for temple stays","강화버스터미널에서 60-5, 70번 버스 (전등사 남문)","http://www.jeondeungsa.org","한국관광공사 TourAPI 4.0 및 HypeHeritage 정제 DB"
"관광명소/체험","incheon_soraepogu","INCHEON","소래포구 종합어시장","Soraepogu Traditional Fish Market","쇼핑","0","포구에서 갓 잡은 싱싱한 제철 꽃게, 대하, 활어회와 새우젓 골목의 정겨운 어시장 풍경","Bustling coastal seafood market renowned for fresh live sashimi, blue crabs, and prawns","수인분당선 소래포구역 2번 출구 (도보 5분)","https://www.namdong.go.kr/tour/","한국관광공사 TourAPI 4.0 및 HypeHeritage 정제 DB"
"관광명소/체험","incheon_grand_park","INCHEON","인천대공원","Incheon Grand Park","자연","0","거대한 호수와 수목원, 사계절 벚꽃길과 가을 단풍터널이 장관인 인천 최대 도심 자연공원","Incheon's largest nature park featuring an arboretum, scenic lake, and cherry blossom tunnels","인천2호선 인천대공원역 3번 출구 (도보 3분 남문 직결)","https://www.incheon.go.kr/park/","한국관광공사 TourAPI 4.0 및 HypeHeritage 정제 DB"
"관광명소/체험","gyeongju_hwarang_hill","GYEONGJU","단석산 화랑의 언덕 & 명상바위","Danseoksan Hwarang Hill & Meditation Rock","자연","2000","JTBC 캠핑클럽에 등장해 화제가 된 해발 500m 고지대 초원으로 천연 암석 명상바위에 앉아 학동마을 뷰를 담는 인생샷 1순위","High-altitude rolling meadow famous from reality show Camping Club, rewarding climbers with meditation rock cliffs above rural basins","경주시 산내면 수의길 601 (자차 운전 필수)","https://www.gyeongju.go.kr/tour/","한국관광공사 TourAPI 4.0 및 HypeHeritage 정제 DB"
"관광명소/체험","gyeongju_double_cherry","GYEONGJU","불국사 겹벚꽃 군락지 잔디광장","Bulguksa Double Cherry Blossom Field","자연","0","일반 벚꽃이 진 뒤 4월 중순에 만개하는 탐스러운 분홍빛 겹벚꽃 나무 수백 그루 아래에서 피크닉을 즐기는 국내 봄꽃 성지","Enchanting spring picnic field boasting hundreds of fluffy double-petal pink cherry blossom trees blooming mid-April","불국사 공영주차장 정면 완만한 잔디언덕 (도보 2분)","https://www.gyeongju.go.kr/tour/","한국관광공사 TourAPI 4.0 및 HypeHeritage 정제 DB"
"관광명소/체험","gyeongju_tongiljeon_ginkgo","GYEONGJU","통일전 은행나무길 & 서출지","Tongiljeon Ginkgo Avenue & Seochulji Pond","명소","0","가을이면 도로 전체가 황금빛 터널로 변하는 직선 은행나무 가로수길과 배롱나무꽃 고택이 물에 비치는 서출지 연못 산책로","Straight autumn boulevard forming a magnificent golden canopy of ginkgo trees, leading to historic lotus pond Seochulji","경주 시내에서 버스 11번 (통일전 정류장 하차)","https://www.gyeongju.go.kr/tour/","한국관광공사 TourAPI 4.0 및 HypeHeritage 정제 DB"
"관광명소/체험","gyeongju_namsan_samneung","GYEONGJU","경주 남산 삼릉 소나무숲길","Gyeongju Namsan Samneung Pine Grove","자연","0","안개 자욱한 이른 아침 구불구불한 천년 소나무 사이로 햇살이 내리쬐는 신비로운 숲길이자 야외 불교 박물관 트레킹 코스","Mystical winding pine tree sanctuary where morning sunbeams pierce through fog, serving as an open-air museum of stone Buddhas","경주시외버스터미널에서 버스 500, 505번 (삼릉 하차)","https://www.knps.or.kr/gyeongju","한국관광공사 TourAPI 4.0 및 HypeHeritage 정제 DB"
"관광명소/체험","gyeongju_bukgun_sundubu","GYEONGJU","북군동 순두부마을 노포 골목","Bukgun-dong Soft Tofu Traditional Alley","쇼핑","12000","국산 콩으로 직접 가마솥에 갈아 만든 몽글몽글한 순두부찌개와 떡갈비로 아침 식사를 해결하는 한국 여행객들의 필수 식도락","Famous local culinary village specialized in boiling hot earthenware soft tofu stew ground fresh daily from native beans","보문관광단지 입구 / 버스 10, 11번 (북군동펜션마을 하차)","https://www.gyeongju.go.kr/tour/","한국관광공사 TourAPI 4.0 및 HypeHeritage 정제 DB"
"관광명소/체험","gyeongju_bulguksa","GYEONGJU","불국사","Bulguksa Temple","명소","0","토함산 자락 신라 불교 예술의 정수이자 다보탑·석가탑을 품은 유네스코 세계문화유산","UNESCO World Heritage site representing the pinnacle of Silla Buddhist architecture","신경주역(KTX) → 700번 버스 / 경주터미널 → 10, 11번 버스 (불국사 하차)","http://www.bulguksa.or.kr","한국관광공사 TourAPI 4.0 및 HypeHeritage 정제 DB"
"관광명소/체험","gyeongju_seokguram","GYEONGJU","석굴암","Seokguram Grotto","명소","0","토함산 정상 부근 화강암 석굴에 안치된 신라 불교 조각 최고의 걸작 국보 본존불","UNESCO World Heritage stone grotto atop Tohamsan Mountain enshrining a masterwork Buddha","불국사 정류장 맞은편 12번 셔틀버스 (석굴암 주차장 직결 매시 40분 출발)","http://www.bulguksa.or.kr","한국관광공사 TourAPI 4.0 및 HypeHeritage 정제 DB"
"관광명소/체험","gyeongju_cheomseongdae","GYEONGJU","첨성대","Cheomseongdae Observatory","명소","0","동양에서 가장 오래된 천문관측대로 가을 핑크뮬리와 야간 조명이 아름다운 랜드마크","Oldest astronomical observatory in East Asia, surrounded by seasonal blooms & night illumination","경주시외버스터미널에서 도보 15분 / 10, 11, 60, 70번 버스","https://www.gyeongju.go.kr/tour/","한국관광공사 TourAPI 4.0 및 HypeHeritage 정제 DB"
"관광명소/체험","gyeongju_donggung_wolji","GYEONGJU","동궁과 월지 (안압지)","Donggung Palace & Wolji Pond","명소","3000","달빛 연못에 비치는 고대 왕궁 전각의 화려한 단청과 누각이 환상적인 야경 명소","Ancient royal palace where illuminated wooden pavilions reflect magically across moonlit waters","첨성대에서 도보 10분 / 10, 11, 600번 버스","https://www.gyeongju.go.kr/tour/","한국관광공사 TourAPI 4.0 및 HypeHeritage 정제 DB"
"관광명소/체험","gyeongju_daereungwon","GYEONGJU","대릉원 & 천마총","Daereungwon Tomb Complex & Cheonmachong","명소","0","신라 왕족의 거대한 고분군 숲으로 천마총 내부 관람과 목련 포토존으로 유명한 고분공원","Historic park of giant grassy Silla royal mounds, featuring inside Cheonmachong Tomb","황리단길 바로 옆 / 경주버스터미널 도보 10분","https://www.gyeongju.go.kr/tour/","한국관광공사 TourAPI 4.0 및 HypeHeritage 정제 DB"
"관광명소/체험","gyeongju_hwangridan","GYEONGJU","황리단길","Hwangridan-gil","쇼핑","0","전통 한옥을 개조한 감성 카페, 십원빵·황남쫀드기 길거리 먹거리와 소품샵 거리","Trendy Silla-meets-modern street lined with charming Hanok cafes & gourmet street snacks","경주고속·시외버스터미널에서 도보 10분","https://www.gyeongju.go.kr/tour/","한국관광공사 TourAPI 4.0 및 HypeHeritage 정제 DB"
"관광명소/체험","gyeongju_woljeonggyo","GYEONGJU","월정교","Woljeonggyo Bridge","명소","0","원효대사의 설화가 깃든 남천 위 웅장한 목조 누교로 황금빛 야경이 장관을 이루는 다리","Magnificent covered wooden bridge rebuilt to ancient glory, glowing golden at night","교촌마을 남쪽 끝 / 황리단길에서 도보 12분","https://www.gyeongju.go.kr/tour/","한국관광공사 TourAPI 4.0 및 HypeHeritage 정제 DB"
"관광명소/체험","gyeongju_museum","GYEONGJU","국립경주박물관","Gyeongju National Museum","명소","0","성덕대왕신종(에밀레종)과 눈부신 신라 황금 금관 등 8만여 점의 천년 국보급 유물 소장","Korea's foremost historical museum housing ancient royal gold crowns & the Divine Bell","동궁과 월지에서 도보 10분 / 11, 600, 601번 버스","https://gyeongju.museum.go.kr","한국관광공사 TourAPI 4.0 및 HypeHeritage 정제 DB"
"관광명소/체험","gyeongju_bomun_lake","GYEONGJU","보문관광단지 & 보문호","Bomun Lake Resort","자연","0","50만 평 거대 인공호수를 따라 펼쳐진 벚꽃 산책로, 오리배와 최고급 리조트 휴양지","Expansive lakeside resort circled by cherry blossom trails, swan boats & luxury resorts","경주터미널 → 10, 16, 700번 버스 (보문단지)","https://www.gtc.co.kr","한국관광공사 TourAPI 4.0 및 HypeHeritage 정제 DB"
"관광명소/체험","gyeongju_world","GYEONGJU","경주월드 어뮤즈먼트","Gyeongju World Theme Park","엔터","26000","국내 최초 90도 수직 낙하 드라켄과 파에톤 롤러코스터를 보유한 남부권 최고 어뮤즈먼트","Premier thrill theme park featuring world-class extreme coasters Draken & Phaethon","보문단지 내 위치 / 10, 16, 700번 버스 (경주월드 하차)","https://www.gjw.co.kr","한국관광공사 TourAPI 4.0 및 HypeHeritage 정제 DB"
"관광명소/체험","gyeongju_expo_park","GYEONGJU","경주엑스포대공원 & 경주타워","Gyeongju Expo Grand Park & Tower","엔터","12000","황룡사 9층 목탑을 음각 투각한 82m 경주타워와 자연 속 솔거미술관이 있는 복합공원","Iconic park with the 82m Gyeongju Tower Pagoda silhouette and serene Solgeo Art Museum","보문단지 경주월드 맞은편 / 10, 16, 700번 버스","https://www.cultureexpo.or.kr","한국관광공사 TourAPI 4.0 및 HypeHeritage 정제 DB"
"관광명소/체험","gyeongju_gyochon","GYEONGJU","경주 교촌마을","Gyeongju Gyochon Traditional Village","명소","0","300년 노블레스 오블리주를 실천한 경주 최부자댁 고택과 전통 한옥, 교리김밥 명소","Historic clan village preserving traditional Hanoks and the noble Choe Family Head House","월정교 북단 바로 앞 / 첨성대에서 도보 7분","https://www.gyeongju.go.kr/tour/","한국관광공사 TourAPI 4.0 및 HypeHeritage 정제 DB"
"관광명소/체험","gyeongju_bunhwangsa","GYEONGJU","분황사 & 모전석탑","Bunhwangsa Temple & Pagoda","명소","0","선덕여왕 때 창건된 고찰로 안산암을 벽돌처럼 깎아 세운 국보 모전석탑과 청보리밭","7th-century temple housing Korea's oldest brick-carved stone pagoda (National Treasure)","경주시외버스터미널 → 10, 11, 70번 버스 (분황사)","https://www.gyeongju.go.kr/tour/","한국관광공사 TourAPI 4.0 및 HypeHeritage 정제 DB"
"관광명소/체험","gyeongju_yangdong","GYEONGJU","경주 양동마을","Yangdong Folk Village","명소","4000","조선시대 반가 고택과 초가집이 500년 세월을 고스란히 간직한 유네스코 세계문화유산","UNESCO World Heritage 500-year-old traditional village preserving Joseon noble heritage","경주터미널 → 200~208번 버스 (양동마을입구 하차 도보 10분)","http://yangdong.invil.org","한국관광공사 TourAPI 4.0 및 HypeHeritage 정제 DB"
"관광명소/체험","gyeongju_poseokjeong","GYEONGJU","포석정지","Poseokjeong Pavilion Site","명소","2000","신라 왕들이 전복 모양의 석조 수로에 술잔을 띄우며 시를 짓던 풍류 유적지","Historic site where Silla kings floated wine cups along a carved stone waterway for poetry","경주시외버스터미널 → 500, 502, 505번 버스 (포석정)","https://www.gyeongju.go.kr/tour/","한국관광공사 TourAPI 4.0 및 HypeHeritage 정제 DB"
"관광명소/체험","gyeongju_yangnam_cliff","GYEONGJU","경주 양남 주상절리 & 파도소리길","Yangnam Columnar Jointing & Wave Trail","자연","0","천연기념물로 지정된 희귀 부채꼴 방사형 주상절리와 시원한 동해안 파도소리길 트레킹","Natural Monument featuring unique fan-shaped basalt joints along scenic coastal East Sea trail","경주시외버스터미널 → 150-1번 버스 (읍천항 하차 도보 3분)","https://www.gyeongju.go.kr/tour/","한국관광공사 TourAPI 4.0 및 HypeHeritage 정제 DB"
"관광명소/체험","gyeongju_gyerim","GYEONGJU","경주 계림 & 월성","Gyerim Forest & Wolseong","자연","0","김알지 탄생 설화의 울창한 고목 숲과 신라 왕궁 터 반월성으로 이어지는 호젓한 숲길","Sacred dense forest with birth legend of Kim Alji, connecting to crescent Wolseong palace","첨성대 바로 옆 (도보 2분)","https://www.gyeongju.go.kr/tour/","한국관광공사 TourAPI 4.0 및 HypeHeritage 정제 DB"
"관광명소/체험","gyeongju_geumjangdae","GYEONGJU","금장대","Geumjangdae Cliff Pavilion","명소","0","형산강 절벽 위에서 빼어난 절경을 조망하며 강변 나룻배와 갈대밭 인생샷을 남기는 명소","Scenic pavilion perched on a cliff over Hyeongsan River famed for rowboat photo spots","경주터미널 택시 5분 / 40, 51번 버스","https://www.gyeongju.go.kr/tour/","한국관광공사 TourAPI 4.0 및 HypeHeritage 정제 DB"
"관광명소/체험","gyeongju_daldongne","GYEONGJU","추억의 달동네","Gyeongju Daldongne Retro Village","엔터","7500","1970~80년대 옛 골목과 옛 교실, 달고나와 옛 교복 체험이 가득한 레트로 테마파크","Nostalgic 1970-80s retro village theme park offering vintage school uniform & snack activities","보문단지-불국사 사이 / 10, 11, 700번 버스 (민속공예촌)","https://www.gyeongju.go.kr/tour/","한국관광공사 TourAPI 4.0 및 HypeHeritage 정제 DB"
"관광명소/체험","gyeongju_jungang_market","GYEONGJU","경주 중앙시장 야시장","Gyeongju Jungang Night Market","쇼핑","0","육전, 소고기초밥 등 4가지 메뉴를 골라 담는 '만원의 행복' 도시락 뷔페 인기 야시장","Bustling night market famous for the 10,000-Won 4-dish gourmet street food lunchbox","경주시외버스터미널에서 도보 5분","https://www.gyeongju.go.kr/tour/","한국관광공사 TourAPI 4.0 및 HypeHeritage 정제 DB"
"관광명소/체험","suwon_paldal_pine","SUWON","팔달산 솔숲 산책로 & 지동 벽화골목","Paldalsan Pine Forest Walk & Jidong Mural Alleys","자연","0","수원 도심 한가운데 울창한 소나무 피톤치드를 마시며 걷는 완만한 둘레길과 따뜻한 옛 추억이 그려진 5.3km 지동 벽화 골목","Gentle pine ridge trail offering therapeutic pine scents right above the city, connected to Jidong's nostalgic 5.3km painted murals","수원역 4번 출구에서 버스 11, 13번 (팔달문 하차)","https://www.swcf.or.kr","한국관광공사 TourAPI 4.0 및 HypeHeritage 정제 DB"
"관광명소/체험","suwon_haewoojae","SUWON","해우재 똥박물관 & 문화공원","Mr. Toilet House (Haewoojae) & Toilet Park","엔터","0","세계 유일의 변기 모양 이색 건축물로 화장실 문화의 역사와 유쾌한 조형물이 가득해 아이들과 이색 사진을 남기는 체험 공간","The world's only toilet-shaped museum dedicated to sanitation history, packed with quirky bronze sculptures and fun interactive exhibits","1호선 성균관대역에서 택시 약 7분 또는 버스 25, 27번 (이목동 하차)","https://www.haewoojae.com","한국관광공사 TourAPI 4.0 및 HypeHeritage 정제 DB"
"관광명소/체험","suwon_gwanggyo_forest_lib","SUWON","광교푸른숲도서관 & 숲속 쉼터","Gwanggyo Pureun Forest Library & Nature Deck","명소","0","광교호수공원 뒤편 울창한 숲속에 통유리로 지어진 힐링 도서관으로 숲 전망 테라스와 피톤치드 힐링 명소","Serene glass-walled library nestled in lakeside woodland hills, offering open-air terrace reading decks looking into nature","신분당선 광교중앙역 4번 출구에서 도보 18분","https://www.suwonlib.go.kr/ma/","한국관광공사 TourAPI 4.0 및 HypeHeritage 정제 DB"
"관광명소/체험","suwon_motgol_market","SUWON","수원 못골종합시장 맛골목","Suwon Motgol Traditional Market","쇼핑","0","상인 DJ가 방송하는 못골 라디오와 즉석 떡볶이, 손만두, 수제 어묵 등 현지 주민들의 정겨운 장바구니 활력이 넘치는 먹거리 시장","Vibrant neighborhood food market famous for live community radio broadcasts, steamed dumplings, and authentic Korean comfort snacks","수원역에서 버스 11, 13, 35번 (팔달문·못골시장 하차)","http://www.motgol.com","한국관광공사 TourAPI 4.0 및 HypeHeritage 정제 DB"
"관광명소/체험","suwon_hyowon_wolhwawon","SUWON","효원공원 월화원 (중국 전통정원)","Hyowon Park Wolhwawon (Guangdong Traditional Garden)","명소","0","중국 광둥성과의 우호 교류로 지어진 1,820평 규모의 정통 영남식 정원으로 연못과 인공폭포, 정자가 어우러진 드라마 촬영 포토존","Exquisite 6,000sqm authentic classical Chinese garden featuring serpentine waterways, stone pavilions, and cascading waterfalls","수인분당선 수원시청역 10번 출구 도보 10분","https://www.suwon.go.kr","한국관광공사 TourAPI 4.0 및 HypeHeritage 정제 DB"
"관광명소/체험","suwon_fortress","SUWON","수원화성 성곽길","Suwon Hwaseong Fortress Wall Walk","명소","0","정조의 효심과 다산 정약용의 실학 과학기술이 빚어낸 5.74km 웅장한 유네스코 세계문화유산 성곽길","UNESCO World Heritage fortress wall stretching 5.74km designed with brilliant Joseon architecture","1호선·수인분당선 수원역 4번 출구 → 11, 13번 버스 (팔달문 하차)","https://www.swcf.or.kr","한국관광공사 TourAPI 4.0 및 HypeHeritage 정제 DB"
"관광명소/체험","suwon_haenggung","SUWON","화성행궁","Hwaseong Haenggung Palace","명소","1500","정조가 아버지 사도세자의 묘소를 참배할 때 머물던 조선 최대 규모의 임시 궁궐 (대장금 촬영지)","The grandest temporary royal palace in Joseon Dynasty used by King Jeongjo and famous K-dramas","수원역 4, 9번 출구 → 11, 13, 35번 버스 (화성행궁 하차 도보 2분)","https://www.swcf.or.kr","한국관광공사 TourAPI 4.0 및 HypeHeritage 정제 DB"
"관광명소/체험","suwon_banghwasuryujeong","SUWON","방화수류정 & 용연","Banghwasuryujeong Pavilion & Yongyeon Pond","명소","0","연못 용연과 성곽 절벽 위에 우뚝 솟은 누각이 어우러져 피크닉과 환상적인 야경으로 유명한 명소","Stunning pavilion perched on a cliff above Yongyeon Pond famous for picnics & illuminated night views","수원역 → 11, 13, 35, 707번 버스 (화홍문·방화수류정 하차 도보 3분)","https://www.swcf.or.kr","한국관광공사 TourAPI 4.0 및 HypeHeritage 정제 DB"
"관광명소/체험","suwon_haengnidan","SUWON","행리단길 (행궁동 카페거리)","Haengnidan-gil Cafe Street","쇼핑","0","화성 성곽 아래 감성 한옥 카페와 브런치 맛집, 소품샵과 공방이 밀집한 수원 최고의 핫플레이스","Suwon's trendiest alleyways lined with boutique hanok cafes, bakeries, and craft workshops","화성행궁 북측 및 화서문 사이 골목 (수원역에서 버스 10분)","https://www.suwon.go.kr/sw-portal/tour/","한국관광공사 TourAPI 4.0 및 HypeHeritage 정제 DB"
"관광명소/체험","suwon_chicken_street","SUWON","수원 통닭거리 (수원왕갈비통닭)","Suwon Chicken Street","쇼핑","0","가마솥에서 튀겨내는 바삭한 전통 통닭과 영화로 대히트한 수원왕갈비통닭 원조 골목","Famous culinary street serving authentic cauldron-fried whole chicken and sweet-savory King Galbi chicken","수원천 매향교 인근 (수원역 4번 출구에서 버스 10분 팔달문 하차)","https://www.suwon.go.kr/sw-portal/tour/","한국관광공사 TourAPI 4.0 및 HypeHeritage 정제 DB"
"관광명소/체험","suwon_starfield","SUWON","스타필드 수원 & 별마당 도서관","Starfield Suwon & Starfield Library","쇼핑","0","4층~7층 22m 높이로 시원하게 뚫린 곡선형 초대형 서가와 행성 조형물이 압도적인 랜드마크","Mega lifestyle mall featuring the breathtaking 22m-tall open Starfield Library and planet art installations","1호선 화서역 1, 4번 출구 연결 보행데크 (도보 3분)","https://www.starfield.co.kr/suwon/","한국관광공사 TourAPI 4.0 및 HypeHeritage 정제 DB"
"관광명소/체험","suwon_flying_suwon","SUWON","플라잉 수원 (헬륨 열기구)","Flying Suwon (Tethered Balloon)","엔터","20000","최대 150m 상공으로 솟아올라 수원화성 성곽 전체와 도심 파노라마 야경을 360도로 감상하는 열기구","Tethered helium balloon rising up to 150m, providing panoramic 360-degree night views of Suwon Hwaseong","창룡문 주차장 내 위치 (수원역에서 707, 11, 13번 버스)","http://www.flyingsuwon.com","한국관광공사 TourAPI 4.0 및 HypeHeritage 정제 DB"
"관광명소/체험","suwon_hwaseong_trolley","SUWON","화성어차 성곽투어","Hwaseong Trolley Tour","엔터","4000","순종 황제의 어차를 모티브로 제작되어 수원화성 주요 거점을 누비는 해설 관광열차","Scenic tourist trolley modeled after King Sunjong's royal automobile, touring key fortress sights","화성행궁 탑승장 또는 연무대 탑승장 (수원역에서 버스 10~15분)","https://www.swcf.or.kr","한국관광공사 TourAPI 4.0 및 HypeHeritage 정제 DB"
"관광명소/체험","suwon_yeonmudae_archery","SUWON","연무대(동장대) & 국궁 활쏘기 체험","Yeonmudae & Traditional Archery","엔터","2000","조선 정예 무사들이 무예를 연마하던 군사 지휘소이자 직접 전통 활을 쏘아보는 국궁 체험장","Joseon military training post where visitors can experience traditional Korean archery (Gukgung)","수원역 → 11, 13, 707번 버스 (창룡문·연무대 하차 도보 2분)","https://www.swcf.or.kr","한국관광공사 TourAPI 4.0 및 HypeHeritage 정제 DB"
"관광명소/체험","suwon_changnyongmun","SUWON","창룡문 & 잔디광장 (연날리기)","Changnyongmun Gate & Lawn Square","자연","0","탁 트인 드넓은 성곽 잔디 언덕에서 연날리기를 즐기며 성곽 일몰과 열기구를 감상하는 쉼터","East Gate surrounded by sprawling grassy slopes ideal for kite flying and sunset watching","수원역 → 11, 13, 60, 700-2번 버스 (창룡문 하차)","https://www.swcf.or.kr","한국관광공사 TourAPI 4.0 및 HypeHeritage 정제 DB"
"관광명소/체험","suwon_hwahongmun","SUWON","화홍문 (북수문 & 수원천)","Hwahongmun Gate (North Floodgate)","명소","0","수원천 위 7개 무지개 홍예 수문과 누각이 어우러져 물보라와 야간 조명이 수려한 랜드마크","Picturesque pavilion atop 7 arched water gates spanning Suwoncheon Stream with night arches","수원역 → 11, 13, 35, 707번 버스 (화홍문 하차)","https://www.swcf.or.kr","한국관광공사 TourAPI 4.0 및 HypeHeritage 정제 DB"
"관광명소/체험","suwon_seojangdae","SUWON","서장대 & 팔달산 전망대","Seojangdae Command Post & Mt. Paldalsan","명소","0","팔달산 정상에 우뚝 선 성곽 최고 지휘소로 정조 친필 편액과 수원 도심 360도 파노라마 전망","Highest military command post atop Mt. Paldalsan offering sweeping 360-degree panoramic views","화성행궁 뒤편 팔달산 계단 도보 15분 / 화서공원 성곽길 등산","https://www.swcf.or.kr","한국관광공사 TourAPI 4.0 및 HypeHeritage 정제 DB"
"관광명소/체험","suwon_hwaseong_museum","SUWON","수원화성박물관","Suwon Hwaseong Museum","명소","2000","정조의 화성 축조 과정과 과학적 거중기, 정조대왕 능행차 디오라마를 입체적으로 전시한 전문 박물관","Specialized museum displaying the construction process of Hwaseong Fortress and Geojunggi cranes","수원역 → 11, 13, 35, 707번 버스 (팔달구청·수원화성박물관 하차)","https://hsmuseum.suwon.go.kr","한국관광공사 TourAPI 4.0 및 HypeHeritage 정제 DB"
"관광명소/체험","suwon_gwanggyo_lake","SUWON","광교호수공원 (원천호수 & 신대호수)","Gwanggyo Lake Park","자연","0","원천호수와 신대호수를 잇는 초대형 도심 호수공원으로 어반레비 수변 데크길과 화려한 야경 명소","One of Korea's largest urban lake parks featuring reflective waters and spectacular night illumination","신분당선 광교중앙역 4번 출구 (도보 15분 또는 마을버스 1, 2번)","https://www.gglakepark.or.kr","한국관광공사 TourAPI 4.0 및 HypeHeritage 정제 DB"
"관광명소/체험","suwon_sima_art","SUWON","수원시립미술관 (SUMA)","Suwon Museum of Art (SUMA)","명소","4000","화성행궁 바로 옆 전통과 현대 건축미가 조화된 미술관으로 한국 근현대 및 현대미술 기획전 개최","Premier municipal art museum located next to Hwaseong Haenggung featuring modern and contemporary art","수원역 4, 9번 출구 → 버스 11, 13, 35번 (화성행궁 하차 도보 1분)","https://suma.suwon.go.kr","한국관광공사 TourAPI 4.0 및 HypeHeritage 정제 DB"
"관광명소/체험","suwon_jidong_market","SUWON","지동시장 & 순대타운","Jidong Market & Sundae Town","쇼핑","0","100년 전통 팔달문 앞 상설시장으로 매콤한 순대곱창 철판볶음 순대타운과 지동 벽화골목 인기","Centennial traditional market famous for its bustling Sundae stir-fry town and colorful mural alleys","수원역 4번 출구 → 버스 11, 13, 46번 (팔달문 하차 도보 2분)","http://www.jidongmarket.co.kr","한국관광공사 TourAPI 4.0 및 HypeHeritage 정제 DB"
"관광명소/체험","suwon_ilwol_arboretum","SUWON","일월수목원","Ilwol Arboretum","자연","4000","일월저수지 옆 건조기후 돔 온실과 글라스하우스, 장식정원과 습지 생태원이 어우러진 도심 수목원","Eco-urban arboretum featuring modern glass dome greenhouse, dry-climate gardens, and boardwalks","1호선 성균관대역 1번 출구 → 마을버스 27-1번 또는 도보 18분","https://www.suwon.go.kr/sw-portal/ilwol/","한국관광공사 TourAPI 4.0 및 HypeHeritage 정제 DB"
"관광명소/체험","suwon_yeongheung_arboretum","SUWON","영흥수목원","Yeongheung Arboretum","자연","4000","도심 속 자연 숲을 살린 힐링 수목원으로 아열대 식물 온실과 숲속 트리워크 데크길 명소","Lush urban forest arboretum featuring subtropical greenhouse, tree-walk decks, and flower gardens","수인분당선 청명역 3번 출구 (도보 12분) / 영통역 버스 5분","https://www.suwon.go.kr/sw-portal/yeongheung/","한국관광공사 TourAPI 4.0 및 HypeHeritage 정제 DB"
"관광명소/체험","suwon_national_agri_museum","SUWON","국립농업박물관","National Museum of Agriculture","명소","0","한국 농업의 역사와 미래 첨단 스마트팜, 아쿠아포닉스, 수직농장과 유리온실 식물원 무료 복합문화공간","National agriculture museum featuring cutting-edge smart farms, vertical farming, and botanical greenhouses","수원역 4번 출구 → 버스 42, 92번 (농림축산검역본부·국립농업박물관 하차)","https://www.namuk.or.kr","한국관광공사 TourAPI 4.0 및 HypeHeritage 정제 DB"
"관광명소/체험","suwon_manseok_park","SUWON","만석공원 & 만석거","Manseok Park & Manseokgeo Reservoir","자연","0","정조가 축조한 역사 깊은 인공 저수지로 호수를 둘러싼 벚꽃 터널과 수변 산책로가 아름다운 공원","Historic reservoir built in 1795 by King Jeongjo, now a public park famous for cherry blossom trails","수원역 4번 출구 → 버스 777, 900, 301번 (만석공원 하차 도보 3분)","https://www.suwon.go.kr","한국관광공사 TourAPI 4.0 및 HypeHeritage 정제 DB"
"관광명소/체험","jeonju_seohakdong_art","JEONJU","서학동 예술마을 & 사진미술관","Seohak-dong Art Village & Photography Museum","명소","0","전주천 남천교 건너 옛 서민 동네에 화가, 도예가, 시인들이 둥지를 튼 예술 골목으로 조용한 카페와 작은 갤러리 산책로","Quiet bohemian art village across Jeonju Stream where painters and ceramic artists turned old alleys into tranquil galleries","한옥마을 남천교 청연루 건너편 도보 3분","https://tour.jeonju.go.kr","한국관광공사 TourAPI 4.0 및 HypeHeritage 정제 DB"
"관광명소/체험","jeonju_wanpanbon_museum","JEONJU","완판본문화관 & 한옥 전통목판체험","Wanpanbon Hall & Traditional Woodblock Center","명소","2000","조선시대 전주에서 발간된 완판본 고소설과 한지 인쇄 출판 문화를 계승하며 직접 목판인쇄를 체험할 수 있는 역사문화관","Cultural center celebrating Jeonju's rich Joseon-era woodblock publishing heritage with interactive traditional print workshops","한옥마을 오목대 뒤편 향교 인근 도보 5분","http://wanpanbon.jsdc.or.kr","한국관광공사 TourAPI 4.0 및 HypeHeritage 정제 DB"
"관광명소/체험","jeonju_dongmun_art","JEONJU","동문예술거리 & 헌책방 골목","Dongmun Art Street & Secondhand Books Alleys","명소","0","옛 한옥마을 동문 터 주변으로 수십 년 된 헌책방과 인디 소극장, 라이브 재즈 펍이 늘어선 감성 가득한 문화 거리","Historic east gate district lined with decades-old secondhand bookshops, cozy indie theaters, and vintage live music bars","경기전 정문에서 동문사거리 방향 도보 5분","https://tour.jeonju.go.kr","한국관광공사 TourAPI 4.0 및 HypeHeritage 정제 DB"
"관광명소/체험","jeonju_hanbyeokdang","JEONJU","한벽당 & 전주천 생태 산책로","Hanbyeokdang Pavilion & Jeonjucheon Eco Trail","자연","0","절벽 바위 위에 우뚝 솟아 맑은 전주천을 굽어보는 조선 초 누각으로 수달이 서식하는 생태 하천과 싱그러운 솔바람 명소","Scenic cliffside Joseon pavilion perched over the pristine Jeonju Stream, known for gentle breezes and otters swimming below","전주자연생태관 바로 옆 / 한옥마을 오목대에서 도보 10분","https://tour.jeonju.go.kr","한국관광공사 TourAPI 4.0 및 HypeHeritage 정제 DB"
"관광명소/체험","jeonju_zoo_dream","JEONJU","전주동물원 & 드림랜드 놀이공원","Jeonju Zoo & Dreamland Theme Park","엔터","3000","울창한 메타세쿼이아 숲길과 아담한 관람차가 돌아가는 레트로 감성 테마파크로 한국인 가족과 연인들의 나들이 성지","Spacious municipal zoological garden and retro amusement park framed by soaring metasequoia avenues, beloved for relaxed walks","전주역에서 버스 165번 (동물원 종점 약 15분)","https://zoo.jeonju.go.kr","한국관광공사 TourAPI 4.0 및 HypeHeritage 정제 DB"
"관광명소/체험","jeonju_hanok_village","JEONJU","전주 한옥마을","Jeonju Hanok Village","명소","0","700여 채의 전통 한옥이 도심 속에 보존된 국제 슬로시티로 한복 체험과 골목길 정취가 가득한 대표 명소","UNESCO-designated Slow City preserving over 700 traditional hanok houses with vibrant cultural alleys","KTX 전주역에서 버스 119, 79, 535번 (한옥마을 하차 약 25분)","https://tour.jeonju.go.kr","한국관광공사 TourAPI 4.0 및 HypeHeritage 정제 DB"
"관광명소/체험","jeonju_gyeonggijeon","JEONJU","태조 이성계 어진이 모셔진 경기전 입장권","Gyeonggijeon Shrine Historic Ticket","명소","3000","조선 태조 이성계의 공식 어진(국보)이 모셔진 유서 깊은 사적이자 울창한 대나무숲 힐링 산책로","Historic royal shrine housing the national treasure portrait of King Taejo and peaceful bamboo grove","한옥마을 입구 태조로 중심 (전동성당 맞은편 도보 1분)","https://www.jeonju.go.kr/eojin/","한국관광공사 TourAPI 4.0 및 HypeHeritage 정제 DB"
"관광명소/체험","jeonju_jeondong","JEONJU","전동성당","Jeondong Catholic Cathedral","명소","0","한국 최초의 순교터 위에 1914년 세워진 로마네스크-비잔틴 양식의 웅장하고 성스러운 붉은 벽돌 성당","Stunning 1914 Romanesque-Byzantine red-brick cathedral built on Korea's first Catholic martyr site","한옥마을 입구 사거리 맞은편 (전주역에서 버스 119, 79번)","https://tour.jeonju.go.kr","한국관광공사 TourAPI 4.0 및 HypeHeritage 정제 DB"
"관광명소/체험","jeonju_omokdae","JEONJU","오목대 & 이목대","Omokdae & Imokdae Historic Sites","명소","0","이성계 장군이 승전을 자축한 언덕 위 누각으로 한옥마을 전체 기와지붕 전경을 내려다보는 최고 전망대","Historic hilltop pavilion offering the iconic panoramic view over the undulating tile roofs of Hanok Village","한옥마을 동측 오목대 언덕 산책로 계단 (도보 5분)","https://tour.jeonju.go.kr","한국관광공사 TourAPI 4.0 및 HypeHeritage 정제 DB"
"관광명소/체험","jeonju_pungnammun","JEONJU","전주 풍남문","Pungnammun Gate","명소","0","조선시대 전라감영이 있던 전주부성 4대문 중 유일하게 현존하는 남쪽 보물 성문과 야간 조명","The sole surviving south gate of the ancient fortified walled city of Jeonju with picturesque lighting","한옥마을 서쪽 남부시장 교차로 로터리 (도보 5분)","https://tour.jeonju.go.kr","한국관광공사 TourAPI 4.0 및 HypeHeritage 정제 DB"
"관광명소/체험","jeonju_nambu_market","JEONJU","남부시장 & 청년몰 / 야시장","Nambu Market, Youth Mall & Night Market","쇼핑","0","전통 피순대국밥과 콩나물국밥 골목, 2층 청년몰의 개성 넘치는 공방, 주말 밤 열리는 인기 야시장","Centuries-old market famous for Blood Sausage soup, 2nd-floor Youth Mall indie shops, and weekend night markets","풍남문 옆 전주천변 (한옥마을에서 도보 5분)","http://www.jnbm.or.kr","한국관광공사 TourAPI 4.0 및 HypeHeritage 정제 DB"
"관광명소/체험","jeonju_jammanyi","JEONJU","자만벽화마을","Jaman Mural Village","명소","0","오목대 육교 건너 산비탈 골목에 펼쳐지는 귀여운 애니메이션과 동화 캐릭터 벽화, 감성 언덕 카페거리","Colorful hillside village connected to Omokdae, packed with whimsical anime murals and hilltop cafes","오목대 육교 건너편 산비탈 진입 (도보 7분)","https://tour.jeonju.go.kr","한국관광공사 TourAPI 4.0 및 HypeHeritage 정제 DB"
"관광명소/체험","jeonju_hyanggyo","JEONJU","전주향교","Jeonju Hyanggyo Confucian School","명소","0","수령 400년 은행나무 5그루와 대성전이 자리한 유서 깊은 교육기관이자 인기 사극 드라마 명소","Joseon-era Confucian academy featuring massive 400-year-old ginkgo trees, filmed in famous K-dramas","한옥마을 동남쪽 향교길 끝 (경기전에서 도보 10분)","http://www.jjhyanggyo.or.kr","한국관광공사 TourAPI 4.0 및 HypeHeritage 정제 DB"
"관광명소/체험","jeonju_deokjin","JEONJU","덕진공원 & 연화정도서관","Deokjin Park & Yeonhwajeong Library","자연","0","호수 가득 피어나는 여름 홍련 연꽃과 호수 한가운데 세워진 전통 한옥 연화정도서관이 있는 힐링 명소","Scenic lake park celebrated for summer lotus blooms and the iconic Yeonhwajeong floating wooden hanok library","전주역에서 버스 119, 535번 (덕진공원 하차 약 15분)","https://tour.jeonju.go.kr","한국관광공사 TourAPI 4.0 및 HypeHeritage 정제 DB"
"관광명소/체험","jeonju_namcheongyo","JEONJU","남천교 & 청연루","Namcheongyo Bridge & Cheongyeonru","명소","0","전주천 위 팔작지붕 한옥 누각 청연루가 얹힌 무지개다리로 천변 바람과 함께 야경을 즐기는 쉼터","Arched bridge spanning Jeonjucheon Stream crowned with Cheongyeonru wooden pavilion offering river night vistas","한옥마을 남쪽 끝 전주천변 (전주향교에서 도보 3분)","https://tour.jeonju.go.kr","한국관광공사 TourAPI 4.0 및 HypeHeritage 정제 DB"
"관광명소/체험","jeonju_nanjang","JEONJU","전주난장 (추억박물관)","Jeonju Nanjang Retro Theme Park","엔터","7500","1960~80년대 옛 골목, 옛 교실, 만화방, 이발소 등 70여 개 테마 공간을 실감 나게 재현한 레트로 박물관","Immersive vintage museum recreating 1960s-80s Korean nostalgic alleys, classrooms, arcades, and comic shops","한옥마을 경기전 북측 동문길 방면 (도보 4분)","https://tour.jeonju.go.kr","한국관광공사 TourAPI 4.0 및 HypeHeritage 정제 DB"
"관광명소/체험","jeonju_arboretum","JEONJU","한국도로공사 전주수목원","Korea Expressway Corporation Jeonju Arboretum","자연","0","고속도로 건설 복원지로 조성된 무료 공기업 수목원으로 액자 쉼터 창문 포토존과 테마정원이 수려한 곳","Botanical arboretum featuring 3,000+ plant species, iconic wooden frame windows over lotus ponds, and gardens","전주역 또는 터미널에서 버스 414, 416, 420번 (전주수목원 하차)","https://www.ex.co.kr/arboretum/","한국관광공사 TourAPI 4.0 및 HypeHeritage 정제 DB"
"관광명소/체험","jeonju_palbok_art","JEONJU","팔복예술공장","Palbok Art Factory","엔터","0","옛 카세트테이프 공장을 현대미술 전시실, 창작 스튜디오, 카페 써니로 재탄생시킨 복합문화공간","Reinvented former cassette tape factory transformed into a contemporary arts hub with galleries and cafes","전주역에서 버스 545, 546번 또는 택시 12분 (팔복동 첨단산업단지)","http://www.palbokart.kr","한국관광공사 TourAPI 4.0 및 HypeHeritage 정제 DB"
"관광명소/체험","jeonju_traditional_wine","JEONJU","전주 전통술박물관 (모주 체험)","Jeonju Korean Traditional Wine Museum","엔터","8000","조선 전통 가양주 문화를 되살린 공간으로 계피향 가득한 전주 모주 시음과 빚기 체험을 즐기는 공간","Museum dedicated to Korean traditional home brewing culture, offering tastings of herbal rice wine (Moju)","한옥마을 중심 한지길 74 (한옥마을 내 도보 3분)","http://urisool.net","한국관광공사 TourAPI 4.0 및 HypeHeritage 정제 DB"
"관광명소/체험","jeonju_fan_culture","JEONJU","전주부채문화관","Jeonju Fan Culture Center","엔터","0","조선 왕실에 진상하던 전주 합죽선과 단선의 역사 전시 및 무형문화재 장인의 부채 만들기 공예 체험","Cultural center exhibiting traditional Jeonju folding fans (Hapjukseon) with hands-on crafting workshops","한옥마을 최명희길 인근 (경기전 동문에서 도보 2분)","http://fan.or.kr","한국관광공사 TourAPI 4.0 및 HypeHeritage 정제 DB"
"관광명소/체험","jeonju_wansan_park","JEONJU","완산공원 꽃동산 (완산칠봉)","Wansan Flower Garden (Mt. Wansan)","자연","0","4월 중하순 산등성이 전체를 붉게 물들이는 겹벚꽃과 자홍빛 철쭉 군락지로 유명한 봄꽃 인생샷 성지","Stunning hillside garden bursting with double cherry blossoms and royal azaleas every mid-to-late April","남부시장에서 전주천 건너 완산도서관 뒤편 도보 10분","https://tour.jeonju.go.kr","한국관광공사 TourAPI 4.0 및 HypeHeritage 정제 DB"
"관광명소/체험","jeonju_crafts","JEONJU","전주공예품전시관","Jeonju Crafts Exhibition Hall","쇼핑","0","한옥마을 중심 태조로에 위치하여 무형문화재 장인들의 도자기, 옻칠, 한지 공예품을 관람·구매하는 복합관","Premier craft center exhibiting and selling masterwork Korean ceramics, lacquerware, and Hanji paper crafts","한옥마을 태조로 중심 (경기전과 오목대 사이 도보 3분)","https://www.jeonjucraft.or.kr","한국관광공사 TourAPI 4.0 및 HypeHeritage 정제 DB"
"관광명소/체험","jeonju_haksan_library","JEONJU","학산숲속시집도서관","Haksan Forest Poetry Library","자연","0","맏내호수 둘레길과 학산 숲속에 아담하게 자리한 통유리 한옥 도서관으로 호수를 보며 시집을 읽는 쉼터","Tranquil glass-walled forest library nestled beside Matnae Lake, dedicated exclusively to poetry collections","평화동 맏내호수 수변길 (한옥마을에서 택시 10분)","https://tour.jeonju.go.kr","한국관광공사 TourAPI 4.0 및 HypeHeritage 정제 DB"
"관광명소/체험","jeonju_ajung_lake","JEONJU","아중호수 & 수상산책로","Ajung Lake & Floating Boardwalk","자연","0","호수를 둘러싼 2.4km 수상 나무 데크길과 시원한 분수, 수면에 비치는 야간 조명이 낭만적인 호수","Scenic urban lake featuring a 2.4km wooden floating boardwalk deck, dancing fountains, and night lights","전주역에서 버스 100, 102, 103번 (아중호수 하차 약 10분)","https://tour.jeonju.go.kr","한국관광공사 TourAPI 4.0 및 HypeHeritage 정제 DB"
"관광명소/체험","jeonju_makgeolli_alley","JEONJU","전주 막걸리골목 (삼천동 막걸리타운)","Jeonju Makgeolli Alley (Samcheon-dong)","쇼핑","0","막걸리 주전자를 주문하면 육회, 전, 홍어삼합 등 20~30여 가지 푸짐한 남도 안주가 한 상 가득 나오는 명물 골목","Famous culinary street where ordering a kettle of rice wine unlocks a banquet of 20 to 30 seasonal Korean dishes","전주역 또는 한옥마을에서 택시 15분 (삼천동 막걸리골목)","https://tour.jeonju.go.kr","한국관광공사 TourAPI 4.0 및 HypeHeritage 정제 DB"
"관광명소/체험","gangneung_solhyang","GANGNEUNG","강릉 솔향수목원 & 금강소나무 삼림욕","Gangneung Solhyang Arboretum & Pine Forest","자연","0","천혜의 금강소나무 원시림 자락에 조성된 힐링 쉼터로 맑은 계곡물 소리를 들으며 다듬어진 데크길을 걷는 무료 피톤치드 숲","Immense native red pine sanctuary carpeted along natural mountain valleys, providing therapeutic boardwalk strolls along bubbling streams","강릉역에서 택시 약 15분 또는 버스 104-1번 (수목원 정류장)","https://www.gn.go.kr/tour/","한국관광공사 TourAPI 4.0 및 HypeHeritage 정제 DB"
"관광명소/체험","gangneung_sodol_adeulbawi","GANGNEUNG","소돌아들바위공원 & 자연산 수산물 좌판","Sodol Adeulbawi Rock Park & Seafood Market","자연","0","쥐라기 시대 바닷속 기암괴석이 솟아오른 기괴한 형상의 바위 해안과 바닷가 난전에서 할머니들이 직접 썰어주는 싱싱한 활어회","Surreal wind-sculpted rock formations dating back 150 million years, accompanied by authentic beachside fresh sashimi stalls","주문진 시외버스터미널에서 버스 300, 314번 (소돌 하차)","https://www.gn.go.kr/tour/","한국관광공사 TourAPI 4.0 및 HypeHeritage 정제 DB"
"관광명소/체험","gangneung_terarosa_factory","GANGNEUNG","테라로사 커피공장 본점 & 커피뮤지엄","Terarosa Coffee Factory Headquarters & Museum","명소","0","한국 스페셜티 커피의 성지로 붉은 벽돌 공장 건물과 거대한 로스팅 기계, 커피 역사를 한눈에 보는 박물관이 결합된 복합문화공간","Birthplace of Korean specialty coffee culture set within an iconic industrial red-brick roastery complex and coffee museum","강릉역에서 버스 101, 102번 (학산리 테라로사 정류장)","https://terarosa.com","한국관광공사 TourAPI 4.0 및 HypeHeritage 정제 DB"
"관광명소/체험","gangneung_gangmun_sotdae","GANGNEUNG","강문 솟대다리 & 야경 포토존","Gangmun Sotdae Bridge & Night Photo Zone","명소","0","강문해변과 경포해변을 잇는 보행교로 밤이면 형형색색의 오색 분수 조명과 진또배기 소원 동전 던지기, 액자 포토존으로 유명한 바다","Romantic arched footbridge linking Gangmun and Gyeongpo beaches, celebrated for multicolored LED fountain shows and framed photo spots","강릉역에서 버스 202-1번 (강문해변 하차 도보 3분)","https://www.gn.go.kr/tour/","한국관광공사 TourAPI 4.0 및 HypeHeritage 정제 DB"
"관광명소/체험","gangneung_dokkaebi_market","GANGNEUNG","주문진 도깨비시장 복합문화공간","Jumunjin Dokkaebi Market Cultural Complex","쇼핑","0","1953년 지어진 옛 오징어 할복장을 오션뷰 루프탑 카페와 수제 맥주 펍, 감성 복합문화공간으로 재탄생시킨 주문진 핫플","1953 historic squid processing plant artistically transformed into a coastal cultural complex with ocean rooftop cafes and craft breweries","주문진 방파제 도보 7분 (도깨비 촬영지 인근 수변길)","https://www.gn.go.kr/tour/","한국관광공사 TourAPI 4.0 및 HypeHeritage 정제 DB"
"관광명소/체험","gangneung_anmok","GANGNEUNG","안목해변 커피거리","Anmok Beach Coffee Street","명소","0","청량한 동해 바다를 마주보고 국내 최정상급 바리스타 카페들이 늘어선 대한민국 커피 1번지","Korea's premier coffee destination packed with oceanfront specialty cafes and roasteries along Anmok Beach","KTX 강릉역 건너편 → 버스 223-1, 503-1번 (안목커피거리 하차 약 20분)","https://www.gn.go.kr/tour/","한국관광공사 TourAPI 4.0 및 HypeHeritage 정제 DB"
"관광명소/체험","gangneung_gyeongpo","GANGNEUNG","경포해변 & 경포호","Gyeongpo Beach & Gyeongpo Lake","자연","0","동해안 최대 규모의 은빛 백사장과 울창한 해송 숲, 자전거를 타고 호수를 일주하는 대표 명소","East Coast's grandest white sand beach embraced by century-old pine groves and scenic cycling lake","강릉역에서 버스 202-1번 (경포해변 하차 약 20분)","https://www.gn.go.kr/tour/","한국관광공사 TourAPI 4.0 및 HypeHeritage 정제 DB"
"관광명소/체험","gangneung_ojukheon","GANGNEUNG","오죽헌 (신사임당 & 율곡 이이)","Ojukheon House","명소","3000","신사임당과 율곡 이이 모자가 태어난 고택이자 검은 대나무 오죽(烏竹) 숲에 둘러싸인 목조건축 보물","Birthplace of Shin Saimdang and scholar Yulgok Yi I surrounded by rare black bamboo, a national treasure","강릉역에서 버스 202번, 300번 탑승 (오죽헌 하차 약 15분)","https://www.gn.go.kr/ojukheon/","한국관광공사 TourAPI 4.0 및 HypeHeritage 정제 DB"
"관광명소/체험","gangneung_seongyojang","GANGNEUNG","강릉 선교장","Gangneung Seongyojang House","명소","5000","300년 역사를 간직한 조선 상류 양반가의 99칸 전통 저택과 연꽃 가득한 활래정 누각","Splendid 300-year-old 99-room noble estate of Joseon Dynasty with picturesque Hwallaejeong lotus pavilion","오죽헌에서 도보 15분 / 강릉역에서 202번 버스 (선교장 입구 하차)","http://knsgj.net","한국관광공사 TourAPI 4.0 및 HypeHeritage 정제 DB"
"관광명소/체험","gangneung_jeongdongjin","GANGNEUNG","정동진역 & 모래시계공원","Jeongdongjin Station & Sandglass Park","자연","0","바다와 가장 가까운 간이역이자 지름 8.3m의 밀레니엄 초대형 모래시계가 서 있는 전국 최고의 일출 명소","Railway station closest to the sea in the world, home to an immense 8.3m hourglass and iconic sunrise views","KTX 정동진역 하차 직결 (강릉역에서 기차로 15분)","https://www.gn.go.kr/tour/","한국관광공사 TourAPI 4.0 및 HypeHeritage 정제 DB"
"관광명소/체험","gangneung_haslla","GANGNEUNG","하슬라아트월드","Haslla Art World","명소","17000","동해 바다가 내려다보이는 절벽 위 현대미술관과 야외 조각공원, 바다 뷰 동그라미 피노키오 포토존","Cliffside contemporary museum and sculpture park famous for whimsical art and ocean-frame circle photo zones","정동진역에서 택시 5분 또는 버스 112번 탑승 (하슬라아트월드 하차)","https://museumhaslla.com","한국관광공사 TourAPI 4.0 및 HypeHeritage 정제 DB"
"관광명소/체험","gangneung_arte","GANGNEUNG","아르떼뮤지엄 강릉","Arte Museum Gangneung","엔터","17000","경포호 옆 웅장한 백두대간의 자연, 오로라, 거대한 파도를 빛과 소리로 구현한 몰입형 미디어아트","Immersive nature-themed media art museum presenting digital waves, aurora, waterfalls, and flower forests","강릉역에서 202번 버스 또는 택시 8분 (경포 아르떼뮤지엄)","https://artemuseum.com/GANGNEUNG","한국관광공사 TourAPI 4.0 및 HypeHeritage 정제 DB"
"관광명소/체험","gangneung_central_market","GANGNEUNG","강릉 중앙시장 (먹거리 골목)","Gangneung Central Market","쇼핑","0","배니 닭강정, 수제 어묵고로케, 통통한 오징어순대, 팡파미유 마늘빵 등 영동 지방 최대의 먹거리 전통시장","Bustling traditional market famous for street food like crispy dakgangjeong, fishcake croquettes, and stuffed squid","KTX 강릉역에서 도보 15분 또는 버스 5분 (중앙시장 하차)","https://www.gn.go.kr/tour/","한국관광공사 TourAPI 4.0 및 HypeHeritage 정제 DB"
"관광명소/체험","gangneung_chodang_tofu","GANGNEUNG","초당순두부마을 (원조 짬뽕순두부)","Chodang Tofu Village","쇼핑","0","동해 바닷물 간수로 빚어낸 400년 전통의 몽글몽글 초당순두부와 얼큰한 원조 짬뽕순두부 명물 마을","Historic village renowned for artisanal tofu made with clean sea water, famous for spicy soft tofu and gelato","경포해변 및 강문해변에서 도보 10~15분 / 강릉역에서 버스 202번","https://www.gn.go.kr/tour/","한국관광공사 TourAPI 4.0 및 HypeHeritage 정제 DB"
"관광명소/체험","gangneung_jumunjin_breakwater","GANGNEUNG","주문진 방파제 (도깨비 촬영지)","Jumunjin Breakwater (Guardian Dokkaebi Site)","명소","0","드라마 '도깨비'의 주인공들이 빨간 목도리와 메밀꽃을 건네던 명장면을 그대로 재현하는 해안 방파제","Iconic ocean pier made world-famous by the hit drama 'Guardian: The Lonely and Great God' (Dokkaebi)","주문진시외버스터미널에서 도보 15분 / 강릉역에서 300번 버스 (주문진항)","https://www.gn.go.kr/tour/","한국관광공사 TourAPI 4.0 및 HypeHeritage 정제 DB"
"관광명소/체험","gangneung_bts_busstop","GANGNEUNG","BTS 버스정류장 (주문진 향호해변)","BTS Bus Stop (Hyangho Beach)","명소","0","방탄소년단(BTS) 'You Never Walk Alone' 앨범 재킷 촬영지로 푸른 파도를 배경으로 줄서는 한류 성지","World-famous bus stop pavilion where BTS shot their album cover, set against the turquoise ocean of Hyangho Beach","주문진 해변 북단 향호해변 (주문진터미널에서 버스 300, 302번)","https://www.gn.go.kr/tour/","한국관광공사 TourAPI 4.0 및 HypeHeritage 정제 DB"
"관광명소/체험","gangneung_badabuchae","GANGNEUNG","정동심곡 바다부채길","Jeongdong-Simgok Badabuchae-gil","자연","5000","2,300만 년 전 융기된 국내 유일 해안단구(천연기념물) 절벽과 기암괴석 위를 걷는 2.86km 해안 탐방로","Spectacular 2.86km coastal walking trail along natural cliff terraces formed 23 million years ago over crashing waves","정동진 썬크루즈리조트 또는 심곡항 (정동진역에서 셔틀버스)","https://searoad.gtdc.or.kr","한국관광공사 TourAPI 4.0 및 HypeHeritage 정제 DB"
"관광명소/체험","gangneung_gangmun","GANGNEUNG","강문해변 (포토존 & 솟대다리)","Gangmun Beach & Sotdae Bridge","자연","0","경포와 맞닿은 감성 해변으로 액자·반지 조형물 포토존과 야간 무지개 조명이 켜지는 강문 솟대다리","Picturesque beach featuring artistic frame photo zones, oceanfront cafes, and the illuminated night Sotdae Bridge","경포해변 남쪽 도보 5분 / 강릉역에서 버스 202-1번 (강문 하차)","https://www.gn.go.kr/tour/","한국관광공사 TourAPI 4.0 및 HypeHeritage 정제 DB"
"관광명소/체험","gangneung_sacheon","GANGNEUNG","사천진해변 & 바위섬","Sacheonjin Beach & Rock Island","자연","0","에메랄드빛 맑고 투명한 바닷물과 붉은 아치형 구름다리를 건너 닿는 바위섬 포토존이 있는 힐링 해변","Serene beach known for crystal-clear waters and a scenic rocky islet connected by an arched red wooden footbridge","강릉역에서 버스 312, 313번 (사천진리 정류장 하차 약 25분)","https://www.gn.go.kr/tour/","한국관광공사 TourAPI 4.0 및 HypeHeritage 정제 DB"
"관광명소/체험","gangneung_gyeongpodae","GANGNEUNG","경포대 누각 (보물)","Gyeongpodae Pavilion (Treasure)","명소","0","관동팔경 제일의 보물 정자로 호수와 바다를 굽어보며 5개의 달이 뜬다는 낭만적인 고전문학 명소","National Treasure pavilion overlooking Gyeongpo Lake, famed in classical poetry as the spot to gaze upon 5 moons","경포호 북측 언덕 (강릉역에서 202번 버스 경포대 하차 도보 3분)","https://www.gn.go.kr/tour/","한국관광공사 TourAPI 4.0 및 HypeHeritage 정제 DB"
"관광명소/체험","gangneung_heo_memorial","GANGNEUNG","허균·허난설헌 기념공원","Heo Gyun & Heo Nanseolheon Memorial Park","명소","0","홍길동전을 지은 허균과 여류시인 허난설헌의 생가터로 솔숲 산책로와 고즈넉한 전통 한옥이 있는 쉼터","Memorial park and traditional birthplace of sibling authors Heo Gyun and poet Heo Nanseolheon in a pine grove","초당순두부마을 북측 도보 5분 (강릉역에서 버스 202번)","https://www.gn.go.kr/tour/","한국관광공사 TourAPI 4.0 및 HypeHeritage 정제 DB"
"관광명소/체험","gangneung_daegwallyeong","GANGNEUNG","대관령 옛길 & 반정 전망대","Daegwallyeong Historic Trail & Viewpoint","자연","0","신사임당과 율곡이 넘던 옛 영동고갯길로 반정 전망대에서 강릉 도심과 동해 바다가 파노라마로 펼쳐지는 곳","Historic winding mountain trail offering spectacular panoramic vistas over Gangneung and the sea from Banjeong Viewpoint","강릉시외버스터미널에서 503-1번 버스 또는 자가용·택시 25분","https://www.gn.go.kr/tour/","한국관광공사 TourAPI 4.0 및 HypeHeritage 정제 DB"
"관광명소/체험","gangneung_wolhwa_street","GANGNEUNG","강릉 월화거리 & 노암터널","Gangneung Wolhwa Street & Noam Tunnel","쇼핑","0","옛 도심 폐철길 2.6km를 재생한 산책로로 플리마켓, 감성 조명 노암터널과 중앙시장이 연결된 도심 명소","Urban linear park built over 2.6km of abandoned railway tracks, featuring colorful night lighting tunnel and markets","강릉 중앙시장 바로 옆 / KTX 강릉역에서 도보 10분","https://www.gn.go.kr/tour/","한국관광공사 TourAPI 4.0 및 HypeHeritage 정제 DB"
"관광명소/체험","gangneung_anbandegi","GANGNEUNG","안반데기 (구름 위 배추밭 & 은하수)","Anbandegi Highland Plateau (Milky Way)","자연","0","해발 1,100m 고지대에 펼쳐진 국내 최대 고랭지 배추밭이자 풍력발전기와 쏟아지는 은하수 관측 성지","Korea's highest highland plateau at 1,100m covered in vast cabbage fields, celebrated for magical Milky Way stargazing","강릉 왕산면 안반덕길 (자가용 또는 택시투어, 강릉 시내에서 45분)","https://www.gn.go.kr/tour/","한국관광공사 TourAPI 4.0 및 HypeHeritage 정제 DB"
"관광명소/체험","gangneung_railbike","GANGNEUNG","정동진 레일바이크","Jeongdongjin Railbike","엔터","25000","정동진역에서 출발하여 모래시계공원을 따라 동해안 부서지는 파도 바로 옆을 달리는 전동 레일바이크","Motorized scenic railbike track running right along the crashing East Sea surf between Jeongdongjin Stn. and Sandglass Park","정동진역 탑승장 또는 모래시계공원 탑승장 (정동진역 내 도보 1분)","http://www.railtrip.co.kr","한국관광공사 TourAPI 4.0 및 HypeHeritage 정제 DB"
"관광명소/체험","sokcho_dongmyeong_night","SOKCHO","동명항 영금정 밤바다 & 해맞이정자","Dongmyeong Port Yeonggeumjeong Night Sea","명소","0","거문고 소리 같은 파도가 기암괴석을 때리는 밤바다 위에 은은한 청사초롱 LED 불빛을 밝히는 속초 로컬 최고의 밤 산책 코스","Scenic seaside pavilion perched on rock shores where crashing waves mimic Korean zither notes, illuminated by ambient evening lanterns","속초시외버스터미널에서 도보 15분 (영금정 입구)","https://www.sokchotour.com","한국관광공사 TourAPI 4.0 및 HypeHeritage 정제 DB"
"관광명소/체험","sokcho_gyodong_pocha","SOKCHO","속초 교동 먹거리촌 & 포장마차거리","Sokcho Gyodong Food Street & Seafood Pocha","쇼핑","0","바닷바람 맞으며 갓 잡은 독도 꽃새우, 닭새우 회와 매콤 달콤한 골뱅이무침을 즐기는 속초 현지인들의 심야 감성 거리","Bustling seaside pocha alley where locals gather late into the night for sweet Dokdo shrimp sashimi and spicy whelk noodles","동명항 해안도로 라인 / 시외터미널에서 도보 10분","https://www.sokchotour.com","한국관광공사 TourAPI 4.0 및 HypeHeritage 정제 DB"
"관광명소/체험","sokcho_choksan_foot","SOKCHO","척산온천 족욕공원 & 소나무 숲길","Choksan Foot Bath Park & Pine Tree Trail","자연","0","지하 450m에서 용출되는 53도 천연 온천수에 발을 담그고 설악산 솔향기를 맡으며 피로를 푸는 무료 힐링 온천 쉼터","Free open-air natural thermal spring foot bath park fed by 53°C mineral waters, enveloped by aromatic pine walking paths","속초 시내에서 버스 3, 3-1번 (척산온천장 하차 도보 3분)","http://www.choksan.co.kr","한국관광공사 TourAPI 4.0 및 HypeHeritage 정제 DB"
"관광명소/체험","sokcho_seokbong_art","SOKCHO","석봉도자기미술관 & 청초호 수변","Seokbong Ceramic Museum & Cheongchoho Walk","명소","5000","세계 최대 도자기벽화(기네스 등재)와 궁중 백자, 테라코타 예술을 감상하고 호수 뷰 산책을 즐기는 조용한 문화 쉼터","Renowned ceramic gallery displaying the world's largest ceramic mural registered in Guinness, set right on Cheongchoho lakeshore","속초고속버스터미널에서 도보 12분 (청초호 유원지 인근)","https://www.sokchotour.com","한국관광공사 TourAPI 4.0 및 HypeHeritage 정제 DB"
"관광명소/체험","sokcho_bada_hyanggiro","SOKCHO","외옹치 바다향기로 해안절벽 데크","Oeongchi Bada Hyanggiro Cliff Boardwalk","자연","0","수십 년간 군사 통제구역이었다가 개방된 비경의 바위 절벽 데크로 동해 파도를 바로 발아래 두고 걷는 힐링 바닷길","Boardwalk pinned to rocky ocean cliffs opened after decades of restricted military access, hovering directly over rolling surf","속초해수욕장 남단 외옹치 해변 연결 산책로","https://www.sokchotour.com","한국관광공사 TourAPI 4.0 및 HypeHeritage 정제 DB"
"관광명소/체험","sokcho_seoraksan","SOKCHO","설악산 국립공원 & 신흥사","Seoraksan National Park & Sinheungsa","자연","0","유네스코 생물권보전지역으로 지정된 사계절 비경의 명산이자 18.9m 청동 통일대불이 모셔진 천년고찰 신흥사","UNESCO Biosphere Reserve mountain boasting dramatic peaks, crystal gorges, and the ancient Sinheungsa Temple","속초고속버스터미널 건너편 → 7, 7-1번 시내버스 (설악산 소공원 종점 약 30분)","https://www.knps.or.kr/seoraksan","한국관광공사 TourAPI 4.0 및 HypeHeritage 정제 DB"
"관광명소/체험","sokcho_cablecar","SOKCHO","설악산 케이블카 & 권금성","Seoraksan Cable Car & Gwongeumseong","엔터","15000","소공원에서 해발 700m 권금성 정상 암벽까지 5분 만에 올라 설악산 공룡능선과 동해바다를 조망하는 케이블카","Cable car rising 700 meters above sea level to Gwongeumseong Fortress in 5 minutes, offering majestic 360-degree vistas","설악산 소공원 매표소 진입 후 도보 5분 케이블카 탑승동","https://www.sorakcablecar.co.kr","한국관광공사 TourAPI 4.0 및 HypeHeritage 정제 DB"
"관광명소/체험","sokcho_ulsanbawi","SOKCHO","설악산 울산바위","Seoraksan Ulsanbawi Rock","자연","0","둘레 4km 6개의 거대한 화강암 봉우리가 병풍처럼 우뚝 솟은 설악산의 대표 웅장한 바위 명승 절경","Spectacular 4km granite mass featuring six dramatic towering peaks, revered as one of Korea's most iconic natural rock monuments","설악산 소공원 → 신흥사 → 흔들바위 → 울산바위 탐방로 (편도 약 2시간)","https://www.knps.or.kr/seoraksan","한국관광공사 TourAPI 4.0 및 HypeHeritage 정제 DB"
"관광명소/체험","sokcho_sokchoeye","SOKCHO","속초아이 대관람차","Sokcho Eye Ferris Wheel","엔터","12000","국내 유일의 해변 대관람차로 65m 높이 캐빈에서 동해안의 푸른 수평선과 설악산 능선, 속초 시내를 조망","Korea's premier coastal Ferris wheel rising 65 meters above Sokcho Beach, offering breathtaking aerial vistas","속초고속버스터미널에서 도보 5분 (속초해수욕장 정문)","https://sokchoeye.co.kr","한국관광공사 TourAPI 4.0 및 HypeHeritage 정제 DB"
"관광명소/체험","sokcho_beach","SOKCHO","속초해수욕장 & 송림 산책로","Sokcho Beach & Pine Forest Walk","자연","0","하얀 은빛 모래사장과 깨끗한 수질, 방파제 산호 조형물 포토존과 울창한 해송 숲 산책로가 어우러진 도심 해변","Vibrant city beach famed for fine white sands, crystal-clear water, coastal pine groves, and modern ocean art installations","속초고속버스터미널에서 도보 5~7분 (500m)","https://www.sokchotour.com","한국관광공사 TourAPI 4.0 및 HypeHeritage 정제 DB"
"관광명소/체험","sokcho_tourist_market","SOKCHO","속초관광수산시장 (중앙시장)","Sokcho Tourist & Fishery Market","쇼핑","0","전국구 명물 만석닭강정, 겉바속촉 오징어순대, 씨앗호떡, 감자옹심이 등 먹거리 골목과 대형 지하 활어회센터","Buzzing culinary traditional market famous for crunchy Manseok Dakgangjeong, stuffed squid sundae, and raw fish stalls","속초시외터미널에서 도보 15분 / 버스 1, 7, 9번 (속초관광수산시장 하차)","https://sokchomarket.com","한국관광공사 TourAPI 4.0 및 HypeHeritage 정제 DB"
"관광명소/체험","sokcho_abai","SOKCHO","속초 아바이마을 & 갯배 체험","Abai Village & Gaetbae Ferry","명소","1000","한국전쟁 실향민들이 일군 함경도식 아바이순대 먹거리 골목과 손으로 와이어를 끌어 50m 수로를 건너는 명물 갯배 체험","Historic coastal refuge settled by North Korean refugees famed for authentic Abai sundae, alongside the iconic hand-pulled Gaetbae wire ferry crossing","중앙시장 갯배 선착장 ↔ 아바이마을 선착장 (도보 5분) / 설악대교 진입","https://www.sokchotour.com","한국관광공사 TourAPI 4.0 및 HypeHeritage 정제 DB"
"관광명소/체험","sokcho_botanical","SOKCHO","설악산 자생식물원 & 바람꽃마을","Seoraksan Botanical Garden & Baramkkot","자연","0","설악산의 자생 희귀 야생화 123종과 암석원, 온실원, 미로원, 청정 피톤치드 솔숲 힐링 산책로가 수려하게 펼쳐진 자연 식물원","Serene nature botanical garden home to 123 native alpine wildflower species, rock gardens, greenhouses, and pine forest maze healing trails","속초시외버스터미널에서 3, 3-1번 버스 (바람꽃마을·식물원 입구 도보 5분)","https://www.sokchotour.com","한국관광공사 TourAPI 4.0 및 HypeHeritage 정제 DB"
"관광명소/체험","sokcho_yeonggeumjeong","SOKCHO","영금정 & 해맞이정자","Yeonggeumjeong Pavilion & Sunrise Pier","명소","0","파도가 석벽에 부딪칠 때 거문고 소리가 난다는 전설의 바위 명소로 바다 한가운데 서 있는 해맞이정자의 일출 장관","Rocky headland named after melodic wave echoes resembling Korean zithers, crowned with a seaside pier pavilion for dawn vistas","속초시외터미널 도보 15분 / 버스 1, 7, 9번 (동명항 하차 도보 3분)","https://www.sokchotour.com","한국관광공사 TourAPI 4.0 및 HypeHeritage 정제 DB"
"관광명소/체험","sokcho_lighthouse","SOKCHO","속초등대 전망대 & 등대해변","Sokcho Lighthouse Observatory & Beach","명소","0","영금정 북쪽 언덕의 백색 등대로 전망대에서 설악산 주봉과 조도, 동해의 끝없는 수평선을 360도로 조망하는 속초 제1경","Scenic white hilltop lighthouse overlooking the East Sea horizon, offering panoramic vantage points of Seoraksan peaks","영금정에서 해안 산책로 계단 도보 5분 (영랑해안길)","https://www.sokchotour.com","한국관광공사 TourAPI 4.0 및 HypeHeritage 정제 DB"
"관광명소/체험","sokcho_cheongchoho","SOKCHO","청초호 호수공원","Cheongchoho Lake Park","자연","0","속초 도심 중심에 자리 잡은 5km 둘레의 자연 석호 공원으로 물 위에 떠 있는 청초정 누각과 야간 산책로","Sprawling 5km urban lagoon park at the center of Sokcho, featuring tranquil lakeside walkways and the Cheongchojeong pavilion","속초고속터미널에서 도보 12분 / 시내버스 1, 7, 9번 (청초호공원)","https://www.sokchotour.com","한국관광공사 TourAPI 4.0 및 HypeHeritage 정제 DB"
"관광명소/체험","sokcho_expotower","SOKCHO","속초 엑스포타워","Sokcho Expo Tower","명소","2500","나선형 상승 곡선으로 설계된 73.4m 높이 타워로 15층 전망대에서 청초호와 속초 앞바다, 대청봉을 조망","Futuristic 73.4m spiral observation tower overlooking Cheongchoho Lake, Sokcho harbor, and Seoraksan peaks","청초호 호수공원 내 위치 (속초고속버스터미널 도보 15분)","https://www.sokchotour.com","한국관광공사 TourAPI 4.0 및 HypeHeritage 정제 DB"
"관광명소/체험","sokcho_yeongrangho","SOKCHO","영랑호 & 영랑호수윗길","Yeongrangho Lake & Floating Bridge","자연","0","신라 화랑 영랑이 머물던 둘레 7.8km 석호로 호수 한가운데를 가로지르는 400m 부교 산책로에서 물 위를 걷는 힐링 코스","Ancient 7.8km natural lagoon steeped in Hwarang legend, spotlighted by a 400m floating pontoon bridge offering open water strolls","속초시외버스터미널에서 도보 15분 또는 택시 5분 (영랑호 통제소)","https://www.sokchotour.com","한국관광공사 TourAPI 4.0 및 HypeHeritage 정제 DB"
"관광명소/체험","sokcho_beombawi","SOKCHO","영랑호 범바위","Yeongrangho Beombawi (Tiger Rock)","자연","0","호랑이가 웅크리고 앉아 호수를 내려다보는 형상의 속초 8경 기암괴석으로 영랑호와 설악산 울산바위가 한눈에 보이는 명당","Majestic granite rock resembling a crouching tiger, listed among the 8 Wonders of Sokcho, rewarding climbers with vistas of Seoraksan","영랑호 리조트 뒤편 산책로 연결 (도보 5분)","https://www.sokchotour.com","한국관광공사 TourAPI 4.0 및 HypeHeritage 정제 DB"
"관광명소/체험","sokcho_daepohang","SOKCHO","대포항 & 원조튀김골목","Daepo Port & Tempura Alley","쇼핑","0","바삭하고 고소한 왕새우튀김·오징어순대 골목과 현대식 원형 어시장 수변 보행교 야경이 어우러진 동해안 대표 항구","Bustling coastal fishing harbor renowned for crispy deep-fried jumbo shrimp, squid sundae alleys, and illuminated harbor bridges","속초고속버스터미널에서 버스 1, 3, 7, 9번 (대포항 약 10분)","https://www.sokchotour.com","한국관광공사 TourAPI 4.0 및 HypeHeritage 정제 DB"
"관광명소/체험","sokcho_oeongchi","SOKCHO","속초 외옹치 바다향기로","Oeongchi Bada Hyanggiro Coastal Trail","자연","0","수십 년간 민간인 출입이 통제되다 개방된 비경의 해안 절벽 산책로로 동해 파도와 기암괴석을 바로 곁에 두고 걷는 힐링 데크길","Scenic coastal cliff walkway opened after 65 years of restricted access, featuring wooden boardwalks over crashing turquoise waves","속초해수욕장 남단 외옹치 해변 진입 / 롯데리조트 속초 산책로 연결","https://www.sokchotour.com","한국관광공사 TourAPI 4.0 및 HypeHeritage 정제 DB"
"관광명소/체험","sokcho_dongmyeonghang","SOKCHO","동명항 활어센터 & 포장마차거리","Dongmyeong Port & Seafood Pocha Street","쇼핑","0","100% 자연산 활어만을 취급하는 청정 항구 어시장과 바닷바람 맞으며 닭새우, 꽃새우를 즐기는 감성 포차 거리","Authentic working port strictly serving 100% wild-caught fresh sashimi, accompanied by seaside tents serving seasonal Dokdo shrimp","영금정 바로 옆 / 속초시외버스터미널에서 도보 15분","https://www.sokchotour.com","한국관광공사 TourAPI 4.0 및 HypeHeritage 정제 DB"
"관광명소/체험","sokcho_chilsung","SOKCHO","칠성조선소 (복합문화공간 & 카페)","Chilsung Boatyard Cultural Complex","명소","0","1952년부터 목선을 건조하던 옛 조선소를 박물관, 서점, 감성 청초호 뷰 카페로 재탄생시킨 도시재생 문화공간","Historic 1952 wooden shipyard creatively repurposed into a lakeside cultural complex featuring a shipyard museum and cafe","중앙시장에서 도보 7분 / 속초시외터미널에서 버스 5분 (청학동)","https://chilsungboatyard.com","한국관광공사 TourAPI 4.0 및 HypeHeritage 정제 DB"
"관광명소/체험","sokcho_mountain_museum","SOKCHO","국립산악박물관","National Mountain Museum","명소","0","국내 유일의 국립 산악 전문 박물관으로 한국 등산 역사 전시와 실내 암벽 클라이밍, 고산체험을 무료로 즐기는 문화공간","Korea's only national mountaineering museum featuring mountaineering heritage, high-altitude simulation, and indoor rock climbing","속초시외버스터미널에서 버스 3, 3-1번 (국립산악박물관 약 15분)","http://nmm.forest.go.kr","한국관광공사 TourAPI 4.0 및 HypeHeritage 정제 DB"
"관광명소/체험","sokcho_waterpia","SOKCHO","한화리조트 설악 워터피아","Seorak Waterpia Hot Springs","엔터","48000","지하 680m 천연 온천수를 사용하는 대형 테마 워터파크로 메일스트롬 슬라이드와 사계절 스파밸리를 즐기는 힐링 명소","Premier hot springs water park utilizing 100% natural volcanic hot springs, featuring extreme water slides and outdoor spa valleys","속초시외·고속버스터미널에서 버스 3, 3-1번 (한화콘도 약 20분)","https://www.hanwharesort.co.kr/irsweb/resort3/tpark/tp_intro.do?tp_cd=0100","한국관광공사 TourAPI 4.0 및 HypeHeritage 정제 DB"
"관광명소/체험","yeosu_mitaamsan_dolsan","YEOSU","돌산 무술목해변 & 몽돌해안","Dolsan Musulmok Pebble Beach","자연","0","이순신 장군의 승전지이자 둥글둥글한 몽돌 구르는 소리가 맑은 해변으로 울창한 해송 숲길과 일출이 아름다운 한국인 드라이브 명소","Historic naval victory beach of Admiral Yi Sun-sin, celebrated for smooth singing black pebbles, pine groves, and golden sunrises","돌산대교 건너 버스 109, 116번 (무술목 하차 도보 3분)","https://www.yeosu.go.kr/tour/","한국관광공사 TourAPI 4.0 및 HypeHeritage 정제 DB"
"관광명소/체험","yeosu_yeulmaru_art","YEOSU","GS칼텍스 예울마루 본관 & 분수광장","GS Caltex Yeulmaru Cultural Complex","명소","0","세계적 건축가 도미니크 페로가 설계한 지형 순응형 문화예술 랜드마크로 바다를 조망하는 잔디광장과 프리미엄 기획전시","Striking eco-architectural cultural center designed by Dominique Perrault, blending into coastal hillside with ocean amphitheaters","웅천지구 인근 / 버스 68, 76번 (예울마루 정류장 하차)","https://www.yeulmaru.org","한국관광공사 TourAPI 4.0 및 HypeHeritage 정제 DB"
"관광명소/체험","yeosu_baekyado","YEOSU","백야도 등대 & 생태 트레킹","Baekyado Island Lighthouse & Eco Trail","자연","0","웅장한 백야대교로 차를 타고 들어가는 섬으로 1928년 불을 밝힌 백야등대와 다도해 섬들이 보석처럼 펼쳐지는 해안 둘레길","Drive-accessible island connected by grand sea bridge, featuring a 1928 historic white lighthouse and peaceful archipelago panoramas","여수 시외버스터미널에서 버스 28번 (백야등대 종점)","https://www.yeosu.go.kr/tour/","한국관광공사 TourAPI 4.0 및 HypeHeritage 정제 DB"
"관광명소/체험","yeosu_gyodong_market","YEOSU","교동시장 포장마차거리","Gyodong Market Night Seafood Pocha","쇼핑","0","낭만포차보다 현지인의 냄새가 물씬 풍기는 원조 포차거리로 싱싱한 금풍쉥이구이, 서대회무침, 해물삼합을 즐기는 노포","Authentic local night market alley where resident foodies savor grilled Geumpung-saengi fish, spicy seasoned sole, and samhap","교동 오거리 / 여수엑스포역에서 버스 2번 (서시장·교동시장 하차)","https://www.yeosu.go.kr/tour/","한국관광공사 TourAPI 4.0 및 HypeHeritage 정제 DB"
"관광명소/체험","yeosu_sinwol_sunset","YEOSU","신월동 해안산책로 & 넘너리 낙조","Sinwol-dong Coastal Walk & Neomneori Sunset","자연","0","여수 서쪽 가막만을 물들이는 황금빛 일몰을 바라보며 걷는 2.5km 완만한 해안 수변 데크길이자 현지인 저녁 산책 코스","2.5km level coastal wooden boardwalk fringing Gamak Bay, celebrated by locals for serene glowing golden sunsets","여수 시내에서 버스 77, 88, 100번 (신월동 금호아파트 하차)","https://www.yeosu.go.kr/tour/","한국관광공사 TourAPI 4.0 및 HypeHeritage 정제 DB"
"관광명소/체험","yeosu_odongdo","YEOSU","오동도 & 동백열차","Odongdo Island & Camellia Train","자연","1000","여수 신항 앞바다의 한려해상국립공원 보석으로 3,000여 그루의 붉은 동백나무 숲과 바다를 가르는 동백열차 및 방파제 산책로","Gem of Hallyeohaesang National Park covered with 3,000 red camellias, reached via the playful Camellia Train across open breakwaters","KTX 여수엑스포역에서 버스 2, 333번 (오동도 입구 도보 5분)","https://www.yeosu.go.kr/tour/","한국관광공사 TourAPI 4.0 및 HypeHeritage 정제 DB"
"관광명소/체험","yeosu_marine_cablecar","YEOSU","여수 해상케이블카","Yeosu Maritime Cable Car","엔터","22000","바다 위 80~90m 상공을 가로지르며 돌산도와 자산공원을 연결하는 국내 최초 해상 케이블카로 발아래 에메랄드 바다가 펼쳐지는 크리스탈 캐빈","Korea's first maritime cable car soaring 90m above the ocean connecting Dolsan Island and Jasan Park, famous for transparent crystal cabins","돌산탑승장: 버스 100, 109번 / 자산탑승장: 여수엑스포역 도보 15분","http://yeosucablecar.com","한국관광공사 TourAPI 4.0 및 HypeHeritage 정제 DB"
"관광명소/체험","yeosu_hyangiram","YEOSU","향일암","Hyangiram Hermitage","명소","0","남해 수평선 절벽 위에 세워진 전국 4대 관음기도 도량으로 기암괴석 바위 틈 해탈문 7개를 통과해 맞이하는 웅장한 일출 명소","Spectacular cliffside Buddhist hermitage facing the South Sea sunrise, navigated through seven mystical stone gap passages","여수엑스포역·시내에서 버스 111, 113, 116번 (향일암 종점 약 1시간 소요)","https://www.yeosu.go.kr/tour/","한국관광공사 TourAPI 4.0 및 HypeHeritage 정제 DB"
"관광명소/체험","yeosu_romantic_pocha","YEOSU","여수 낭만포차거리 & 거북선대교 야경","Yeosu Romantic Pocha Street & Geobukseon Bridge","쇼핑","0","거북선대교 아래 붉은 조명과 밤바다 파도 소리를 배경으로 돌문어삼합과 해물라면을 즐기는 여수 밤바다 낭만의 성지","Iconic illuminated street food stalls under Geobukseon Bridge serving sizzling octopus-pork-kimchi samhap and spicy seafood ramen by the sea","하멜등대 바로 앞 수변공원 / 중앙동 이순신광장에서 도보 12분","https://www.yeosu.go.kr/tour/","한국관광공사 TourAPI 4.0 및 HypeHeritage 정제 DB"
"관광명소/체험","yeosu_dolsan_park","YEOSU","돌산공원 & 돌산대교 전망대","Dolsan Park & Dolsan Bridge Observatory","명소","0","돌산대교와 여수항, 장군도가 파노라마로 내려다보이는 최고의 전망 포인트로 해질녘 오색 불빛이 켜지는 야경 명소","Premier panoramic observatory overlooking Dolsan Bridge, Yeosu Port, and Janggun Island with brilliant night illuminations","여수 시내에서 버스 100, 109, 111번 (돌산공원 입구 도보 5분)","https://www.yeosu.go.kr/tour/","한국관광공사 TourAPI 4.0 및 HypeHeritage 정제 DB"
"관광명소/체험","yeosu_aquaplanet","YEOSU","아쿠아플라넷 여수","Aqua Planet Yeosu","엔터","33400","국내 2위 규모의 초대형 아쿠아리움으로 희귀 해양생물 벨루가(흰고래)와 푸른바다거북, 아쿠아판타지 쇼를 만나는 곳","One of Korea's largest marine aquariums housing rare beluga whales, green sea turtles, and synchronized aquatic performances","KTX 여수엑스포역에서 도보 10분 (엑스포 해양광장)","https://www.aquaplanet.co.kr/yeosu/","한국관광공사 TourAPI 4.0 및 HypeHeritage 정제 DB"
"관광명소/체험","yeosu_arte_museum","YEOSU","아르떼뮤지엄 여수","Arte Museum Yeosu","엔터","17000","엑스포 국제관 1,400평 공간에서 영원한 자연과 웅장한 여수 오션을 빛과 사운드로 경험하는 초대형 몰입형 미디어아트","Immersive nature-themed media art exhibition spanning 1,400 pyeong at Expo Center, presenting digital ocean waves and waterfalls","여수엑스포역 3층 연결통로 도보 5분 (엑스포 국제관 D동)","https://artemuseum.com/YEOSU","한국관광공사 TourAPI 4.0 및 HypeHeritage 정제 DB"
"관광명소/체험","yeosu_expo_park","YEOSU","여수세계박람회장 & 스카이타워 전망대","Yeosu Expo Ocean Park & Sky Tower Observatory","명소","3000","2012 여수세계박람회 기념 공원으로 폐사일로를 개조한 67m 스카이타워 전망대와 엑스포 디지털갤러리, 빅오 분수대","2012 World Expo Memorial Park featuring 67m Sky Tower repurposed from cement silos, digital sky galleries, and Big-O lagoon","KTX 여수엑스포역 출구 바로 앞 도보 3분","https://www.expo2012.kr","한국관광공사 TourAPI 4.0 및 HypeHeritage 정제 DB"
"관광명소/체험","yeosu_ocean_railbike","YEOSU","여수 해양레일바이크","Yeosu Ocean Railbike","엔터","26000","여수 망양로 해안 절벽을 따라 3.5km 전 구간 에메랄드 동백 바다를 감상하며 달리는 국내 유일의 전 구간 해변 레일바이크","Scenic 3.5km open-ocean railbike pedaling along coastal cliffs with LED light tunnels and expansive coastal panoramas","여수엑스포역에서 버스 6, 7번 (해양레일바이크 정류장 하차 약 12분)","http://www.leyeosu-oceanrailbike.co.kr","한국관광공사 TourAPI 4.0 및 HypeHeritage 정제 DB"
"관광명소/체험","yeosu_jinnamgwan","YEOSU","진남관 & 이순신광장","Jinnamgwan Hall & Yi Sun-sin Square","명소","0","삼도수군통제영의 본영이자 국보 제304호 현존 최대 단층 목조건축물 진남관과 원형 거북선이 위용을 자랑하는 충무공 광장","National Treasure No. 304 single-story wooden naval headquarters, alongside Yi Sun-sin Square exhibiting life-size turtle ship","여수 시내 중심 중앙동 로터리 / 엑스포역에서 버스 2번 (5분 소요)","https://www.yeosu.go.kr/tour/","한국관광공사 TourAPI 4.0 및 HypeHeritage 정제 DB"
"관광명소/체험","yeosu_manseongni","YEOSU","만성리 검은모래해변","Manseongni Black Sand Beach","자연","0","국내 유일의 검은 화산 자갈 모래사장으로 모래찜질 효능과 여수 밤바다 버스커버스커 노래의 실제 모티브가 된 감성 해변","Korea's rare volcanic black sand beach celebrated for mineral therapeutic qualities and inspiration behind the song 'Yeosu Night Sea'","여수엑스포역에서 버스 6, 7번 (만성리해수욕장 하차 약 10분)","https://www.yeosu.go.kr/tour/","한국관광공사 TourAPI 4.0 및 HypeHeritage 정제 DB"
"관광명소/체험","yeosu_geumodo_bireonggil","YEOSU","금오도 비렁길","Geumodo Bireong-gil Coastal Cliff Trail","자연","6000","'비렁'은 벼랑의 여수 사투리로 남해 푸른 파도와 아찔한 해안 단애 절벽을 끼고 걷는 18.5km 5개 코스의 명품 트레킹 로드","Spectacular 18.5km coastal trekking route perched atop dramatic cliffs overlooking turquoise waves ('Bireong' means cliff in local dialect)","신기선착장에서 금오도(여천항)행 차도선 탑승 (25분 소요, 편도 약 ₩6,000)","https://www.yeosu.go.kr/tour/","한국관광공사 TourAPI 4.0 및 HypeHeritage 정제 DB"
"관광명소/체험","yeosu_art_land","YEOSU","여수 예술랜드 & 마이다스의 손","Yeosu Art Land & Hand of Midas","엔터","15000","바다를 향해 뻗은 거대한 조각 '마이다스의 손' 공중 전망대와 익스트림 공중그네, 3D 트릭아트 뮤지엄이 어우러진 복합 테마파크","Vibrant ocean theme park highlighted by the monumental skyward 'Hand of Midas' skywalk, extreme cliff swings, and 3D trick art","여수 시외버스터미널에서 버스 106, 109, 116번 (예술랜드 입구 하차)","http://www.alr.co.kr","한국관광공사 TourAPI 4.0 및 HypeHeritage 정제 DB"
"관광명소/체험","yeosu_gosodong_wall","YEOSU","고소동 1004 벽화마을 & 카페거리","Gosodong 1004 Mural Village & Cafe Street","명소","0","여수에서 가장 오래된 고소동 언덕에 조성된 총 1,004m 벽화 골목으로 오포대 전망대와 돌산대교 바다 뷰 루프탑 카페 명소","1,004-meter mural painted hillside village showcasing local maritime folk stories, historic Opodae tower, and panoramic ocean cafes","중앙동 이순신광장에서 도보 7분 언덕 계단 진입","https://www.yeosu.go.kr/tour/","한국관광공사 TourAPI 4.0 및 HypeHeritage 정제 DB"
"관광명소/체험","yeosu_ungcheon","YEOSU","웅천친수공원 & 예술의 섬 장도","Ungcheon Waterfront Park & Jangdo Art Island","명소","0","하루 두 번 물길이 열리는 진섬다리를 건너 들어가는 예술의 섬 장도(GS칼텍스 예울마루)와 은빛 백사장의 친수 요트공원","Tidal art island entered twice daily via sea-parting bridge featuring modern galleries, alongside white-sand yacht marina","여수 시내에서 버스 68, 76, 88번 (웅천지웰아파트·친수공원 하차)","https://www.yeulmaru.org","한국관광공사 TourAPI 4.0 및 HypeHeritage 정제 DB"
"관광명소/체험","yeosu_soho_dongdong","YEOSU","소호 동동다리","Soho Dongdong Coastal Deck Bridge","명소","0","고려가요 '동동'의 배경인 소호동 해변을 따라 바다 위로 742m 이어진 수변 데크 산책로로 밤이면 형형색색 LED 야경이 일품","742-meter over-water wooden boardwalk named after ancient Goryeo poem Dongdong, glowing with multicolored LED night lights","여천역에서 택시 7분 또는 버스 88, 555번 (소호요트마리나 하차)","https://www.yeosu.go.kr/tour/","한국관광공사 TourAPI 4.0 및 HypeHeritage 정제 DB"
"관광명소/체험","yeosu_nangdo","YEOSU","낭도 둘레길","Nangdo Island Trekking Trail","자연","0","여수-고흥 연도교 개통으로 차로 갈 수 있는 여우를 닮은 섬 낭도의 주상절리 기암괴석과 남포등대, 100년 전통 낭도 젖샘막걸리","Drive-accessible island connected by grand sea bridges, featuring columnar joints, seaside lighthouses, and 100-year fermented makgeolli","여수종합버스터미널에서 버스 220, 240번 (낭도종점 약 1시간 10분 소요)","https://www.yeosu.go.kr/tour/","한국관광공사 TourAPI 4.0 및 HypeHeritage 정제 DB"
"관광명소/체험","yeosu_hamel_lighthouse","YEOSU","하멜등대 & 하멜전시관","Hamel Red Lighthouse & Hamel Museum","명소","0","네덜란드 헨드릭 하멜의 표류와 탈출을 기념하는 선명한 붉은 무인등대로 여수 앞바다와 케이블카가 한눈에 담기는 감성 포토존","Vibrant red harbor lighthouse commemorating Dutch sailor Hendrick Hamel, paired with free museum documenting his 13-year stay","종화동 해양공원 끝자락 / 이순신광장에서 바닷길 따라 도보 10분","https://www.yeosu.go.kr/tour/","한국관광공사 TourAPI 4.0 및 HypeHeritage 정제 DB"
"관광명소/체험","yeosu_fish_market","YEOSU","여수 수산물특화시장 & 서시장","Yeosu Seafood Specialty Market & Seosijang","쇼핑","0","청정 남해안의 싱싱한 돌산갓김치, 돌문어, 서대회, 건어물이 가득한 전통 어시장으로 여수 현지 로컬 미식의 보고","Authentic coastal fish market brimming with fresh Dolsan gat-kimchi, seasoned Seodae (tongue sole) sashimi, and dried seafood","중앙동 교동 오거리 / 여수엑스포역에서 버스 2번 (서시장 하차 도보 3분)","https://www.yeosu.go.kr/tour/","한국관광공사 TourAPI 4.0 및 HypeHeritage 정제 DB"
"관광명소/체험","yeosu_minam_cruise","YEOSU","여수 미남크루즈 해상관광","Yeosu Minam Ocean Cruise","엔터","22000","국내 최대 1,321톤급 연안 유람선으로 오동도와 거북선대교, 돌산대교를 일주하며 밤바다 선상 힐링 야경과 불꽃놀이를 즐기는 투어","Korea's largest 1,321-ton coastal cruise ship touring Odongdo Island and illuminated bridges, highlighted by nighttime fireworks","돌산탑승장: 돌산읍 돌산로 3617-18 미남크루즈 전용선착장","http://www.minamcruise.com","한국관광공사 TourAPI 4.0 및 HypeHeritage 정제 DB"
"K-푸드/미식","nat_samgyeopsal","NATIONAL","성수 감성 숯불 삼겹살","K-BBQ Pork Belly (Samgyeopsal) x 2","BBQ_FEAST","36000","신선한 돼지 삼겹살을 노릇하게 구워 쌈채소, 쌈장, 마늘과 곁들여 먹는 한국의 대표 구이 요리","Thick slices of fresh pork belly grilled at the table, wrapped in lettuce leaves with savory ssamjang and garlic","외국인 선호 Top 3 필수 미식","https://conlab.visitkorea.or.kr/api/depot/public/depot-flow/query/download-image/5360cac5-b787-4463-b04d-ac48429b5a67/it11","한국관광공사 TourAPI 포토갤러리 및 HypeHeritage 예산 DB"
"K-푸드/미식","nat_chimaek","NATIONAL","한강 K-치맥 & 한강라면 세트","Han River Chimaek & Instant Ramyeon Set","MEAL","28000","바삭하게 튀겨낸 치킨과 시원한 맥주, 한강 즉석 라면을 함께 즐기는 국민 야식","Crispy Korean fried chicken, cold draft beer, and instant boiling Han River ramyeon combo","외국인 선호 Top 3 필수 미식","https://cdn.visitkorea.or.kr/img/call?cmd=VIEW&id=f9d253d5-e4f6-4e43-8235-1550d8e3773f","한국관광공사 TourAPI 포토갤러리 및 HypeHeritage 예산 DB"
"K-푸드/미식","nat_bulgogi","NATIONAL","전통 서울식 소불고기 전골","Traditional Bulgogi Feast x 2","MEAL","38000","얇게 저민 소고기를 달콤 짭조름한 특제 양념에 재워 채소, 당면과 함께 자작하게 끓여낸 전통 서울식 불고기 전골 요리","Traditional Seoul-style bulgogi hot pot simmering tender marinated beef with savory broth, seasonal vegetables and glass noodles","외국인 선호 Top 3 필수 미식","https://conlab.visitkorea.or.kr/api/depot/public/depot-flow/query/download-image/7b549ce5-ff43-45ff-a7ff-2f678f028441/it11","한국관광공사 TourAPI 포토갤러리 및 HypeHeritage 예산 DB"
"K-푸드/미식","nat_bibimbap","NATIONAL","놋그릇 전주 전통 육회비빔밥 & 떡갈비 정식 2인","Authentic Jeonju Bibimbap & Tteokgalbi Feast x 2","MEAL","30000","따뜻한 놋그릇에 사골 육수로 지은 밥과 제철 나물, 신선한 육회, 수제 떡갈비를 곁들인 전통 전주 한옥 명품 2인 정식","Authentic Jeonju bibimbap served in heavy brassware bowls with fresh beef tartare and savory handmade tteokgalbi for two","외국인 선호 Top 3 필수 미식","https://conlab.visitkorea.or.kr/api/depot/public/depot-flow/query/download-image/12eaf037-1510-4b4d-a11c-e73860653812/it11","한국관광공사 TourAPI 포토갤러리 및 HypeHeritage 예산 DB"
"K-푸드/미식","nat_sogalbijjim","NATIONAL","갈비찜","Galbi-jjim (Braised Short Ribs)","MEAL","20000","두툼한 갈비에 간장, 꿀, 밤, 대추, 버섯을 넣고 살이 부드럽게 떨어질 때까지 정성스레 졸여낸 한국 전통 찜 요리","Tender, melt-in-the-mouth short ribs braised in sweet soy sauce with chestnuts, dates, and shiitake mushrooms","대표 미식","https://conlab.visitkorea.or.kr/api/depot/public/depot-flow/query/download-image/0af3cdf7-4080-4220-a377-1989070537f1/it11","한국관광공사 TourAPI 포토갤러리 및 HypeHeritage 예산 DB"
"K-푸드/미식","nat_dakgalbi","NATIONAL","닭갈비","Dak-galbi (Spicy Stir-fried Chicken)","MEAL","16000","토막 친 닭고기를 매콤한 고추장 양념에 재운 뒤 양배추, 고구마, 떡과 함께 무쇠 철판에 볶아 먹는 요리","Boneless chicken marinated in spicy chili sauce, stir-fried on a tabletop iron skillet with sweet cabbage, sweet potatoes, and rice cakes","대표 미식","https://conlab.visitkorea.or.kr/api/depot/public/depot-flow/query/download-image/40fb0d29-a845-47f4-9f9d-58a50780bcd8/it11","한국관광공사 TourAPI 포토갤러리 및 HypeHeritage 예산 DB"
"K-푸드/미식","nat_shabushabu","NATIONAL","샤브샤브","Korean Beef Shabu-shabu","MEAL","16000","맑은 채소 육수에 얇게 썬 소고기와 신선한 버섯, 배추를 살짝 데쳐 먹은 뒤 칼국수와 죽으로 마무리하는 요리","Thin tender beef slices gently cooked in hot vegetable broth with mushrooms, finished with noodles and comforting porridge","대표 미식","http://tong.visitkorea.or.kr/cms/resource/52/2878052_image2_1.jpg","한국관광공사 TourAPI 포토갤러리 및 HypeHeritage 예산 DB"
"K-푸드/미식","nat_hanjeongsik","NATIONAL","한정식","Hanjeongsik (Full-Course Korean Table)","MEAL","45000","한국 전통 상차림의 정수로 계절 나물, 구이, 탕, 찌개와 정갈한 찬들이 푸짐하게 차려지는 정식","Exquisite Korean full-course meal feast featuring a harmonious spread of grilled dishes, soups, stews, and delicate side dishes","대표 미식","https://conlab.visitkorea.or.kr/api/depot/public/depot-flow/query/download-image/ee3b8a7f-8453-45e2-9968-ac214c6bb688/it11","한국관광공사 TourAPI 포토갤러리 및 HypeHeritage 예산 DB"
"K-푸드/미식","nat_gimbap","NATIONAL","김밥","Gimbap (Korean Seaweed Rice Rolls)","STREET_SNACK","4500","고소한 참기름 밥에 단무지, 시금치, 당근, 달걀, 햄을 넣고 바삭한 김으로 말아낸 대표적인 국민 간식이자 든든한 한 끼","Steamed white rice seasoned with sesame oil and rolled in roasted seaweed with yellow radish, spinach, carrots, eggs, and ham","대표 미식","https://conlab.visitkorea.or.kr/api/depot/public/depot-flow/query/download-image/b2fedcae-04b8-4fb4-ac2e-d97655d4ae72/it11","한국관광공사 TourAPI 포토갤러리 및 HypeHeritage 예산 DB"
"K-푸드/미식","nat_kimchi_bokkeumbap","NATIONAL","김치볶음밥","Kimchi Bokkeumbap (Kimchi Fried Rice)","MEAL","9000","잘 익은 매콤한 김치와 밥, 햄 또는 참치를 센 불에 고소하게 볶아내 반숙 계란 후라이와 김가루를 얹은 소울푸드","Stir-fried rice sizzling with tangy fermented kimchi, diced pork or tuna, topped with a runny fried egg and toasted seaweed flakes","대표 미식","https://conlab.visitkorea.or.kr/api/depot/public/depot-flow/query/download-image/a54c2b8c-b324-4cb7-bfab-e6c4ea8d56eb/it11","한국관광공사 TourAPI 포토갤러리 및 HypeHeritage 예산 DB"
"K-푸드/미식","nat_japchae","NATIONAL","잡채","Japchae (Stir-fried Glass Noodles & Vegetables)","MEAL","12000","쫄깃한 당면에 신선한 시금치, 당근, 버섯, 소고기를 넣고 간장과 참기름에 고소하게 볶아낸 전통 잔치 음식","Chewy sweet potato glass noodles stir-fried with colorful vegetables, mushrooms, and beef seasoned in soy sauce and sesame oil","대표 미식","https://conlab.visitkorea.or.kr/api/depot/public/depot-flow/query/download-image/864eb60c-76d2-45ce-beb4-886dc999cdf4/it11","한국관광공사 TourAPI 포토갤러리 및 HypeHeritage 예산 DB"
"K-푸드/미식","nat_naengmyeon","NATIONAL","냉면","Naengmyeon (Cold Noodles)","MEAL","13000","시원한 동치미 살얼음 육수의 메밀 물냉면과 매콤새콤한 비빔장을 얹은 비빔냉면","Chilled chewy buckwheat noodles served in refreshing icy broth or tossed with spicy sweet chili dressing","대표 미식","https://cdn.visitkorea.or.kr/img/call?cmd=VIEW&id=57333299-0645-4bb8-a093-ec5e233b43e5","한국관광공사 TourAPI 포토갤러리 및 HypeHeritage 예산 DB"
"K-푸드/미식","nat_jajangmyeon_mandu","NATIONAL","자장면","Jajangmyeon (Noodles in Black Bean Sauce)","MEAL","8000","고소하고 달콤한 춘장 소스에 양파와 돼지고기를 볶아 갓 삶아낸 쫄깃한 면발에 비벼 먹는 국민 면 요리","Chewy wheat noodles smothered in a rich, savory black bean sauce stir-fried with pork and sweet caramelized onions","대표 미식","https://cdn.visitkorea.or.kr/img/call?cmd=VIEW&id=8ae1266b-ff1c-489a-9aa5-7fecc6050796","한국관광공사 TourAPI 포토갤러리 및 HypeHeritage 예산 DB"
"K-푸드/미식","nat_haemul_pajeon","NATIONAL","해물파전 & 칼국수","Haemul Pajeon & Kalguksu (Seafood Pancake & Noodle Soup)","BBQ_FEAST","19000","싱싱한 오징어와 조갯살, 쪽파를 듬뿍 넣어 바삭하게 부친 해물파전과 시원하고 깊은 육수의 쫄깃한 손칼국수 세트","Crispy savory seafood scallion pancake paired with a comforting bowl of fresh hand-cut noodle soup in rich broth","대표 미식","https://cdn.visitkorea.or.kr/img/call?cmd=VIEW&id=ed7d07b1-ad52-45e2-a264-b617d6a78ff7","한국관광공사 TourAPI 포토갤러리 및 HypeHeritage 예산 DB"
"K-푸드/미식","nat_kimchi_jjigae","NATIONAL","김치찌개","Kimchi-jjigae (Spicy Kimchi Stew)","MEAL","10000","잘 익은 숙성 김치와 두툼한 돼지고기, 두부를 듬뿍 넣고 얼큰하게 끓여낸 한국인의 소울푸드","Hearty, spicy stew brewed with well-aged fermented kimchi, succulent tender pork chunks, and soft tofu cubes","대표 미식","https://cdn.visitkorea.or.kr/img/call?cmd=VIEW&id=b2e49489-3ca7-47c5-9354-8370f40cbaf4","한국관광공사 TourAPI 포토갤러리 및 HypeHeritage 예산 DB"
"K-푸드/미식","nat_doenjang_jjigae","NATIONAL","된장찌개","Doenjang-jjigae (Soybean Paste Stew)","MEAL","10000","구수한 재래식 된장 육수에 두부, 애호박, 양파, 버섯, 차돌박이 또는 바지락을 넣고 보글보글 끓여낸 한국인의 대표 찌개","Comforting traditional stew brewed with rich fermented soybean paste, tender tofu cubes, zucchini, mushrooms, and savory beef or clams","대표 미식","https://conlab.visitkorea.or.kr/api/depot/public/depot-flow/query/download-image/68813ba4-620b-4bdd-9817-7c29768af0c0/it11","한국관광공사 TourAPI 포토갤러리 및 HypeHeritage 예산 DB"
"K-푸드/미식","nat_sundubu","NATIONAL","순두부찌개","Sundubu-jjigae (Spicy Soft Tofu Stew)","MEAL","10000","몽글몽글 부드러운 순두부와 신선한 조개, 새우, 계란을 넣고 칼칼하고 진하게 끓여낸 뚝배기 찌개","Silken uncurdled soft tofu stew bubbling fiery red in an earthenware bowl with clams, shrimp, and an egg yolk","대표 미식","https://conlab.visitkorea.or.kr/api/depot/public/depot-flow/query/download-image/2f195887-4706-448c-bd11-ef0393ce200f/it11","한국관광공사 TourAPI 포토갤러리 및 HypeHeritage 예산 DB"
"K-푸드/미식","nat_budae_jjigae","NATIONAL","부대찌개","Budae-jjigae (Sausage & Ham Army Stew)","MEAL","12000","햄, 소시지, 김치, 베이크드 빈스, 치즈와 라면사리를 푸짐하게 끓여내는 퓨전 전통 찌개","Hearty fusion hotpot simmered with savory ham, pork sausage, aged kimchi, baked beans, cheese, and chewy ramen noodles","대표 미식","https://conlab.visitkorea.or.kr/api/depot/public/depot-flow/query/download-image/bfd74860-7ebe-445a-bbea-a3283e707047/it11","한국관광공사 TourAPI 포토갤러리 및 HypeHeritage 예산 DB"
"K-푸드/미식","nat_samgyetang","NATIONAL","삼계탕","Samgyetang (Ginseng Chicken Soup)","MEAL","18000","어린 닭의 뱃속에 찹쌀, 인삼, 대추, 마늘을 채워 푹 고아낸 대표적인 전통 보양식","Whole tender young chicken stuffed with sweet sticky rice, ginseng root, jujubes, and garlic, simmered in rich medicinal broth","대표 미식","https://conlab.visitkorea.or.kr/api/depot/public/depot-flow/query/download-image/a1ac7b39-e0fb-4b2a-98bb-e29d133fa609/it11","한국관광공사 TourAPI 포토갤러리 및 HypeHeritage 예산 DB"
"K-푸드/미식","nat_gamjatang","NATIONAL","감자탕 (뼈해장국)","Gamjatang (Pork Bone Stew with Potatoes)","MEAL","11000","돼지 등뼈와 우거지, 감자, 들깨가루를 듬뿍 넣고 오랜 시간 푹 고아내 깊고 구수한 맛을 내는 탕 요리","Rich, deep broth stewed for hours with meaty pork spine bones, dried cabbage greens, whole potatoes, and perilla seeds","대표 미식","https://conlab.visitkorea.or.kr/api/depot/public/depot-flow/query/download-image/2c070992-9577-4377-b7a1-c5a8476c9d4b/it11","한국관광공사 TourAPI 포토갤러리 및 HypeHeritage 예산 DB"
"K-푸드/미식","nat_miyeok_guk","NATIONAL","미역국","Miyeok-guk (Seaweed Soup with Beef)","MEAL","10000","참기름에 소고기와 바다 미역을 정성스레 볶은 후 오랜 시간 맑고 진하게 끓여낸 건강하고 따뜻한 생일 및 보양 탕 요리","Hearty and comforting brown seaweed soup gently simmered with tender beef slices and toasted sesame oil, iconic for Korean birthdays and celebration","대표 미식","https://conlab.visitkorea.or.kr/api/depot/public/depot-flow/query/download-image/5d260c22-cbc0-4173-a41c-77bf7744ddad/it11","한국관광공사 TourAPI 포토갤러리 및 HypeHeritage 예산 DB"
"K-푸드/미식","nat_tteokbokki_set","NATIONAL","떡튀순 (떡볶이, 튀김, 순대)","Tteok-Twi-Soon (Tteokbokki, Tempura & Blood Sausage)","STREET_SNACK","12000","매콤달콤한 고추장 양념에 끓여낸 쫄깃한 쌀떡볶이와 바삭한 모둠튀김, 찰순대 분식 세트","Chewy cylinder rice cakes simmered in sweet and spicy chili paste sauce, paired with crispy fritters and steamed sausage","대표 미식","https://conlab.visitkorea.or.kr/api/depot/public/depot-flow/query/download-image/263fff1d-a001-4f40-8369-b53ae49ac852/it11","한국관광공사 TourAPI 포토갤러리 및 HypeHeritage 예산 DB"
"K-푸드/미식","nat_street_toast","NATIONAL","길거리 토스트","Gilgeori Toast (Korean Street Egg Toast)","STREET_SNACK","5500","버터에 구운 식빵 사이에 달걀 채소 패티와 햄을 넣고 설탕과 케첩을 뿌려 달콤 짭조름하게 즐기는 한국식 길거리 토스트","Buttery toasted sandwich layered with an egg-vegetable patty, savory ham, ketchup, and sugar for a signature sweet-savory punch","대표 미식","https://conlab.visitkorea.or.kr/api/depot/public/depot-flow/query/download-image/911762eb-2164-485f-a429-cee65acc190f/it11","한국관광공사 TourAPI 포토갤러리 및 HypeHeritage 예산 DB"
"K-푸드/미식","nat_kkwabaegi_bungeoppang","NATIONAL","꽈배기","Kkwabaegi (Korean Twisted Donut)","DESSERT_CAFE","3500","전통 시장에서 갓 튀겨내 설탕을 솔솔 묻힌 쫄깃하고 폭신한 추억의 찹쌀 꽈배기","Chewy, fluffy twisted donut freshly deep-fried at traditional markets and lightly coated in sweet sugar","대표 미식","https://conlab.visitkorea.or.kr/api/depot/public/depot-flow/query/download-image/6f75994d-b61a-425c-ae46-c1847f755a0d/it11","한국관광공사 TourAPI 포토갤러리 및 HypeHeritage 예산 DB"
"K-푸드/미식","seoul_gwangjang_pancake","SEOUL","광장시장 녹두빈대떡","Gwangjang Market Bindaetteok (Mung Bean Pancake)","STREET_SNACK","9000","맷돌로 거칠게 간 녹두 반죽에 숙주와 돼지고기를 넣고 무쇠 철판에 바삭하고 두툼하게 부쳐낸 광장시장 명물","Crispy, savory stone-ground mung bean pancake pan-fried in oil with bean sprouts and pork at historic Gwangjang Market","외국인 선호 Top 3 필수 미식","https://thumb.wikimedia.org/wikipedia/commons/thumb/6/6e/Korea_GwangjangMarket_Eats_01_%2813885110035%29.jpg/960px-Korea_GwangjangMarket_Eats_01_%2813885110035%29.jpg?utm_source=commons.wikimedia.org&utm_campaign=imageinfo&utm_content=thumbnail","한국관광공사 TourAPI 포토갤러리 및 HypeHeritage 예산 DB"
"K-푸드/미식","seoul_seolleongtang","SEOUL","종로 설렁탕","Jongno Seolleongtang (Ox Bone Soup)","MEAL","13000","소 뼈와 양지를 가마솥에서 오랜 시간 뽀얗게 고아낸 진한 사골 육수에 소면과 밥, 깍두기를 곁들여 먹는 서울 전통 탕","Rich, milky ox bone soup simmered for 15+ hours, served with tender beef slices, noodles, and crunchy radish kimchi","외국인 선호 Top 3 필수 미식","https://upload.wikimedia.org/wikipedia/commons/3/3d/Seolleongtang.jpg","한국관광공사 TourAPI 포토갤러리 및 HypeHeritage 예산 DB"
"K-푸드/미식","seoul_sindang_tteokbokki","SEOUL","신당동 즉석떡볶이","Sindang-dong Tabletop Tteokbokki","MEAL","11000","춘장과 고추장 황금비율 양념에 떡, 쫄면, 라면, 야끼만두, 계란을 즉석에서 끓여 먹는 신당동 떡볶이 골목 원조 메뉴","Iconic table-cooked spicy rice cakes simmered in red pepper and black bean paste with ramen, dumplings, and eggs","외국인 선호 Top 3 필수 미식","https://cdn.visitkorea.or.kr/img/call?cmd=VIEW&id=3428735f-d5de-4d49-9d67-37e6168c242a","한국관광공사 TourAPI 포토갤러리 및 HypeHeritage 예산 DB"
"K-푸드/미식","seoul_mapo_galbi","SEOUL","마포 돼지갈비","Mapo Pork Galbi (Charcoal BBQ Ribs)","BBQ_FEAST","17000","달콤 짭조름한 비법 간장 양념에 재운 돼지갈비를 참숯불에 노릇하게 구워 먹는 마포 갈비 골목 전통의 맛","Succulent pork ribs marinated in seasoned sweet soy glaze, charcoal-grilled to caramelized perfection in historic Mapo","대표 미식","http://tong.visitkorea.or.kr/cms/resource/25/2858125_image2_1.jpg","한국관광공사 TourAPI 포토갤러리 및 HypeHeritage 예산 DB"
"K-푸드/미식","seoul_dongdaemun_dakhanmari","SEOUL","동대문 닭한마리","Dongdaemun Dakhanmari (Whole Chicken Hotpot)","MEAL","15000","양은 냄비에 통닭 한 마리를 맑은 육수에 끓여 알싸한 겨자 다대기 소스에 찍어 먹고 칼국수로 마무리하는 동대문 명물","Whole tender chicken simmered at the table in clear broth, dipped in spicy vinegar-mustard sauce and finished with fresh knife-cut noodles","대표 미식","http://tong.visitkorea.or.kr/cms/resource/43/2869643_image2_1.jpg","한국관광공사 TourAPI 포토갤러리 및 HypeHeritage 예산 DB"
"K-푸드/미식","seoul_namdaemun_galchijorim","SEOUL","남대문 갈치조림","Namdaemun Galchi-jorim (Braised Cutlassfish)","MEAL","12000","도톰한 갈치와 달큰하게 푹 익은 무를 매콤달콤한 고춧가루 양념에 졸여낸 남대문 시장 갈치 골목 대표 밥도둑","Thick fresh cutlassfish steaks and tender radishes braised in a bubbling pot of fiery, savory red chili garlic sauce","대표 미식","https://conlab.visitkorea.or.kr/api/depot/public/depot-flow/query/download-image/7f241234-ee93-4ff5-a445-7429d95cdf6f/it11","한국관광공사 TourAPI 포토갤러리 및 HypeHeritage 예산 DB"
"K-푸드/미식","seoul_euljiro_golbaengi","SEOUL","을지로 골뱅이무침","Euljiro Golbaengi-muchim (Spicy Sea Snail Salad)","BBQ_FEAST","18000","큼직하고 쫄깃한 통골뱅이를 알싸한 파채와 고춧가루, 명태포와 함께 거칠게 버무려 맥주와 즐기는 힙지로 안주","Plump sea snails tossed with fresh scallion threads, dried pollock strips, and spicy red pepper, served in retro Euljiro alleys","대표 미식","https://thumb.wikimedia.org/wikipedia/commons/thumb/6/63/Golbaengi-muchim_2.jpg/960px-Golbaengi-muchim_2.jpg?utm_source=commons.wikimedia.org&utm_campaign=imageinfo&utm_content=thumbnail","한국관광공사 TourAPI 포토갤러리 및 HypeHeritage 예산 DB"
"K-푸드/미식","seoul_sillim_sundaebokkeum","SEOUL","신림동 순대볶음","Sillim-dong Sundae-bokkeum (Stir-fried Blood Sausage)","STREET_SNACK","11000","철판에 순대, 곱창, 쫄면, 깻잎, 양배추를 들깨가루와 매콤한 특제 양념과 함께 푸짐하게 볶아 먹는 신림동 순대타운 명물","Chewy Korean glass noodle sausages and perilla leaves stir-fried on a hot iron griddle with cabbage and rich perilla seed seasonings at Sillim Sundae Town","대표 미식","https://tong.visitkorea.or.kr/cms/resource/36/3526736_image2_1.JPG","한국관광공사 TourAPI 포토갤러리 및 HypeHeritage 예산 DB"
"K-푸드/미식","seoul_majang_hanwoo","SEOUL","마장동 한우","Majang-dong Hanwoo (Premium Korean Beef BBQ)","BBQ_FEAST","45000","국내 최대 축산물 시장인 마장동에서 직송한 최고 등급(1++ 투뿔) 한우를 숯불에 구워 고소한 육즙과 부드러운 풍미를 즐기는 서울 대표 소고기 구이","Top-grade 1++ Korean native beef (Hanwoo) charcoal-grilled to melt-in-your-mouth perfection, sourced directly from historic Majang Meat Market","대표 미식","https://cdn.visitkorea.or.kr/img/call?cmd=VIEW&id=3c954d31-5be6-42c3-9694-b33c2919124b","한국관광공사 TourAPI 포토갤러리 및 HypeHeritage 예산 DB"
"K-푸드/미식","seoul_jangchung_jokbal","SEOUL","장충동 족발","Jangchung-dong Jokbal (Braised Pig's Trotters)","BBQ_FEAST","28000","각종 한약재와 비법 육수에 오랜 시간 푹 삶아내 쫄깃하고 부드러운 장충동 족발 골목의 원조 보양 요리","Tender sliced pig's trotters slowly braised with herbs and soy sauce until gelatinous, soft, and richly savory","대표 미식","http://tong.visitkorea.or.kr/cms/resource/42/2794142_image2_1.jpg","한국관광공사 TourAPI 포토갤러리 및 HypeHeritage 예산 DB"
"K-푸드/미식","seoul_cafe_latte","SEOUL","성수 베이커리 & 라떼 인덱스","Seongsu Trendy Latte & Pastry","STREET_SNACK","16000","성수동 감성 베이커리 카페의 소금빵과 스페셜티 카페라떼 조합","Seongsu signature specialty cafe latte paired with freshly baked salted butter roll","외국인 선호 Top 3 필수 미식","https://conlab.visitkorea.or.kr/api/depot/public/depot-flow/query/download-image/864eb60c-76d2-45ce-beb4-886dc999cdf4/it11","한국관광공사 TourAPI 포토갤러리 및 HypeHeritage 예산 DB"
"K-푸드/미식","insadong_traditional_tea","SEOUL","인사동 전통 찻집 오미자차 & 한과 세트","Insadong Traditional Tea & Snack Set","DESSERT_CAFE","16000","인사동 쌈지길 고즈넉한 한옥 찻집에서 즐기는 시원한 오미자차와 전통 유과·약과 한과 세트","Traditional iced Omija berry tea paired with handcrafted Korean sweet honey cookies in Insadong Hanok tea house","외국인 선호 Top 3 필수 미식","https://tong.visitkorea.or.kr/cms/resource/38/2678838_image2_1.jpg","한국관광공사 TourAPI 포토갤러리 및 HypeHeritage 예산 DB"
"K-푸드/미식","seoul_korean_toast","SEOUL","아침 도심 공원 산책용 K-길거리 토스트 & 아메리카노","K-Street Toast & Morning Coffee x 2","STREET_SNACK","14000","달콤 고소한 버터 식빵에 아삭한 양배추와 계란 부침, 햄, 치즈를 얹은 K-길거리 토스트와 모닝 아메리카노 2잔 세트","Crispy sweet-and-savory Korean street toast packed with egg cabbage omelet, ham, cheese and two morning Americano coffees","외국인 선호 Top 3 필수 미식","https://tong.visitkorea.or.kr/cms/resource/63/1023863_image2_1.jpg","한국관광공사 TourAPI 포토갤러리 및 HypeHeritage 예산 DB"
"K-푸드/미식","myeongdong_street_snack","SEOUL","명동 스트리트 푸드 콤보 (길거리 토스트, 호떡, 탕후루)","Myeongdong Street Food Tasting Combo","STREET_SNACK","16000","명동 명물 꿀 호떡, 계란 토스트, 딸기 탕후루와 잡채 어묵 바를 한자리에서 즐기는 대표 길거리 미식 투어 콤보","Tasting combo featuring sweet honey hotteok, egg street toast, strawberry tanghulu, and fish cake skewers in vibrant Myeongdong","외국인 선호 Top 3 필수 미식","https://tong.visitkorea.or.kr/cms/resource/82/3092782_image2_1.jpg","한국관광공사 TourAPI 포토갤러리 및 HypeHeritage 예산 DB"
"K-푸드/미식","gwangjang_yukhoe_bindaetteok","SEOUL","100년 전통 광장시장 맷돌 빈대떡 & 신선 육회 탕탕이 세트","Gwangjang Market Bindaetteok & Beef Tartare (Yukhoe) Combo","MEAL","32000","100년 전통 광장시장의 명물 노릇노릇 맷돌 녹두빈대떡과 신선한 한우 소고기 육회·낙지 탕탕이 야식 콤보 세트","Crisp stone-ground mung bean bindaetteok pancake paired with fresh Korean beef tartare (yukhoe) in historic Gwangjang Market","외국인 선호 Top 3 필수 미식","https://conlab.visitkorea.or.kr/api/depot/public/depot-flow/query/download-image/ee3b8a7f-8453-45e2-9968-ac214c6bb688/it11","한국관광공사 TourAPI 포토갤러리 및 HypeHeritage 예산 DB"
"K-푸드/미식","myeongdong_kfood_snack","SEOUL","명동 길거리 음식 콤보 (계란빵, 떡볶이, 붕어빵)","Myeongdong Street Snack Tasting Platter","STREET_SNACK","16000","명동 야시장의 따끈한 달걀 품은 계란빵, 매콤달콤 쌀떡볶이, 바삭한 팥·슈크림 붕어빵을 함께 맛보는 길거리 간식 콤보","Classic warm egg bread, spicy-sweet rice tteokbokki, and crispy fish-shaped bungeoppang pastries on Myeongdong street","외국인 선호 Top 3 필수 미식","https://tong.visitkorea.or.kr/cms/resource/82/3092782_image2_1.jpg","한국관광공사 TourAPI 포토갤러리 및 HypeHeritage 예산 DB"
"K-푸드/미식","busan_dwaeji_gukbap","BUSAN","부산 본토 깊은 국물 돼지국밥 & 맛보기 수육 2인","Busan Pork Soup (Dwaeji-gukbap) & Boiled Pork Platter x 2","MEAL","24000","돼지 사골을 뽀얗게 우려낸 진한 육수에 푸짐한 고기와 맛보기 수육 한 접시, 부추 겉절이를 곁들인 부산 대표 2인 국밥","Piping-hot, rich pork bone broth packed with tender meat alongside savory boiled pork belly slices platter for two","외국인 선호 Top 3 필수 미식","https://tong.visitkorea.or.kr/cms/resource/80/2759680_image2_1.jpg","한국관광공사 TourAPI 포토갤러리 및 HypeHeritage 예산 DB"
"K-푸드/미식","jagalchi_raw_fish","BUSAN","자갈치 회센터 제철 활어회 & 얼큰 매운탕 정식 2인","Jagalchi Market Fresh Sashimi Platter & Spicy Fish Stew","MEAL","60000","부산 자갈치 수산시장에서 갓 건져 올린 신선한 광어·우럭 모둠 활어회와 칼칼하고 시원한 생선 서더리 매운탕 2인 상차림","Ocean-fresh seasonal sashimi platter featuring wild flatfish and rockfish paired with piping-hot spicy fish stew for two at Jagalchi Market","외국인 선호 Top 3 필수 미식","https://tong.visitkorea.or.kr/cms/resource/82/3092782_image2_1.jpg","한국관광공사 TourAPI 포토갤러리 및 HypeHeritage 예산 DB"
"K-푸드/미식","busan_nampo_street_snack","BUSAN","남포동 비프(BIFF)거리 씨앗호떡 & 부산 물떡 꼬치 세트","Busan BIFF Square Seed Hotteok & Fish Cake Combo","STREET_SNACK","8000","해바라기씨와 견과류가 듬뿍 들어간 남포동 원조 바삭 씨앗호떡과 진한 어묵 국물에 푹 끓여낸 쫀득한 부산 명물 물떡 꼬치 세트","Crispy sweet pancakes stuffed with crunchy seeds and nuts alongside chewy Busan skewered rice cakes in savory fish cake broth","외국인 선호 Top 3 필수 미식","https://tong.visitkorea.or.kr/cms/resource/99/3546099_image2_1.jpg","한국관광공사 TourAPI 포토갤러리 및 HypeHeritage 예산 DB"
"K-푸드/미식","busan_milmyeon","BUSAN","부산 밀면","Busan Milmyeon (Wheat Noodle Soup)","MEAL","9500","쫄깃한 밀가루 면발에 한약재를 넣고 우린 살얼음 육수와 매콤달콤한 비빔 양념을 얹어 시원하게 즐기는 부산 여름 별미","Busan signature cold wheat noodles served in icy herbal beef broth with cucumber, hard-boiled egg, and sweet chili sauce","외국인 선호 Top 3 필수 미식","https://tong.visitkorea.or.kr/cms/resource/88/3049888_image2_1.JPG","한국관광공사 TourAPI 포토갤러리 및 HypeHeritage 예산 DB"
"K-푸드/미식","busan_ssiat_hotteok","BUSAN","남포동 씨앗호떡","Nampodong Ssiat Hotteok (Seed Stuffed Sweet Pancake)","STREET_SNACK","2500","마가린에 바삭하게 구운 찹쌀 반죽을 갈라 해바라기씨, 호박씨, 땅콩 등 고소한 견과류와 흑설탕을 듬뿍 채운 길거리 간식","Golden griddled sweet pancake cut open and generously stuffed with crunchy sunflower seeds, pumpkin seeds, and brown sugar","외국인 선호 Top 3 필수 미식","https://tong.visitkorea.or.kr/cms/resource/94/2786894_image2_1.png","한국관광공사 TourAPI 포토갤러리 및 HypeHeritage 예산 DB"
"K-푸드/미식","busan_jagalchi_rawfish","BUSAN","자갈치 모둠 생선회","Jagalchi Raw Fish Platter (Sashimi)","SEAFOOD","30000","자갈치 시장에서 갓 건져 올린 광어, 우럭, 참돔을 싱싱하게 회 떠서 초고추장, 쌈장과 함께 즐기는 바다의 맛","Ultra-fresh slices of local catch including flounder and sea bream, enjoyed with spicy red chili paste and sesame oil wrap","대표 미식","https://tong.visitkorea.or.kr/cms/resource/13/2941313_image2_1.bmp","한국관광공사 TourAPI 포토갤러리 및 HypeHeritage 예산 DB"
"K-푸드/미식","busan_gijang_eel","BUSAN","기장 짚불 곰장어","Gijang Straw-Fire Grilled Hagfish","SEAFOOD","28000","볏짚에 불을 붙여 순간적인 고열로 구워내 겉은 바삭하고 속은 쫄깃하며 특유의 짚불 훈연 향이 배어있는 기장 명물","Unique Busan delicacy cooked over blazing rice straw fire, locking in natural sea flavor with distinct smoky aroma","대표 미식","https://tong.visitkorea.or.kr/cms/resource/83/4039583_image2_1.jpg","한국관광공사 TourAPI 포토갤러리 및 HypeHeritage 예산 DB"
"K-푸드/미식","busan_nakgop_sae","BUSAN","부산 낙곱새","Busan Nakgopsae (Octopus, Intestine & Shrimp Stew)","MEAL","14000","낙지, 대창(곱창), 새우를 매콤하고 얼큰한 비법 양념에 자작하게 끓여 밥 위에 얹어 김가루와 비벼 먹는 전골 요리","Spicy pan-stew combining tender baby octopus, rich beef intestines, and plump shrimp, served over steamed rice with seaweed","대표 미식","https://tong.visitkorea.or.kr/cms/resource/80/2759680_image2_1.jpg","한국관광공사 TourAPI 포토갤러리 및 HypeHeritage 예산 DB"
"K-푸드/미식","busan_eomuk_mooltteok","BUSAN","부산 어묵 & 물떡","Busan Fish Cake & Mooltteok (Rice Cake Skewers)","STREET_SNACK","4500","진한 무와 멸치 육수 가마솥에 푹 익힌 두툼한 명품 부산 어묵 꼬치와 쫀득하게 간이 밴 가래떡 꼬치","High-grade savory fish cakes and chewy cylindrical rice cakes slow-simmered on skewers in rich seasoned anchovy broth","대표 미식","https://tong.visitkorea.or.kr/cms/resource/80/2759680_image2_1.jpg","한국관광공사 TourAPI 포토갤러리 및 HypeHeritage 예산 DB"
"K-푸드/미식","busan_naengchae_jokbal","BUSAN","남포동 냉채족발","Nampodong Naengchae Jokbal (Chilled Jellyfish Trotters)","BBQ_FEAST","18000","얇게 썬 부드러운 족발에 오이, 해파리채를 곁들이고 코끝이 찡한 특제 겨자소스를 끼얹어 새콤달콤하게 즐기는 요리","Chilled thinly-sliced braised pork trotters tossed with jellyfish, cucumber matchsticks, and refreshing pungent mustard dressing's trotters tossed with jellyfish, cucumber slices, and sinus-clearing mustard dressing","대표 미식","https://tong.visitkorea.or.kr/cms/resource/58/2833858_image2_1.jpg","한국관광공사 TourAPI 포토갤러리 및 HypeHeritage 예산 DB"
"K-푸드/미식","busan_dongnae_pajeon","BUSAN","동래파전","Dongnae Pajeon (Traditional Green Onion Pancake)","BBQ_FEAST","20000","달콤하고 부드러운 동래 쪽파와 쇠고기, 신선한 해물을 찹쌀 반죽에 얹고 계란을 풀어 노릇하게 구워낸 부산 전통 파전","Historic scallion pancake topped with fresh seafood, tender beef, and egg, fried soft and moist inside and golden crispy outside","대표 미식","https://tong.visitkorea.or.kr/cms/resource/65/2778665_image2_1.jpg","한국관광공사 TourAPI 포토갤러리 및 HypeHeritage 예산 DB"
"K-푸드/미식","busan_haenyeo_ramen","BUSAN","영도 해녀 김밥 & 해물라면","Yeongdo Haenyeo Gimbap & Seafood Ramyeon","SEAFOOD","12000","영도 절벽 앞 해녀들이 갓 채취한 신선한 성게알(우니)을 얹어 먹는 김밥과 꽃게, 홍합을 넣고 끓인 얼큰한 라면","Cliffside seafood meal featuring seaweed rice rolls topped with fresh sea urchin roe and piping-hot ramen loaded with blue crab","대표 미식","https://tong.visitkorea.or.kr/cms/resource/69/2844169_image2_1.JPG","한국관광공사 TourAPI 포토갤러리 및 HypeHeritage 예산 DB"
"K-푸드/미식","busan_seafood_night","BUSAN","광안리 오션뷰 조개구이/해산물 플래터","Gwangalli Ocean View Seafood Platter","SEAFOOD","60000","광안대교 오션뷰 야경과 함께 즐기는 신선한 모둠 조개구이와 해산물 플래터","Fresh coastal grilled clams and seasonal seafood platter overlooking nighttime Gwangalli Bridge","외국인 선호 Top 3 필수 미식","https://tong.visitkorea.or.kr/cms/resource/13/2941313_image2_1.bmp","한국관광공사 TourAPI 포토갤러리 및 HypeHeritage 예산 DB"
"K-푸드/미식","busan_street_snack","BUSAN","남포동 씨앗호떡 & 부산 물떡 어묵","Busan Seed Hotteok & Fish Cake Combo","STREET_SNACK","8000","남포동 BIFF거리의 명물 고소한 씨앗호떡과 부산 어묵 골목의 따끈한 물떡 세트","Busan's iconic sweet seed hotteok paired with chewy rice cake skewers in piping-hot fish cake broth","외국인 선호 Top 3 필수 미식","https://tong.visitkorea.or.kr/cms/resource/94/2786894_image2_1.png","한국관광공사 TourAPI 포토갤러리 및 HypeHeritage 예산 DB"
"K-푸드/미식","jeju_black_pork","JEJU","제주 참숯 흑돼지 구이 & 멜젓 쌈세트 (2인)","Authentic Jeju Black Pork BBQ Feast x 2","BBQ_FEAST","64000","청정 제주 한라산 자락 토종 흑돼지 두툼한 근고기를 참숯에 구워 멜젓(멸치젓)과 함께 즐기는 2인 명품 쌈세트","Authentic Jeju black pork thick-cut belly charcoal-grilled and served with warm fermented anchovy meljeot dipping sauce feast for two","외국인 선호 Top 3 필수 미식","https://tong.visitkorea.or.kr/cms/resource/12/3477212_image2_1.jpg","한국관광공사 TourAPI 포토갤러리 및 HypeHeritage 예산 DB"
"K-푸드/미식","jeju_seafood_ramyeon","JEJU","해변 통문어·전복 해물라면 & 딱새우 콤보","Jeju Coastal Seafood Ramyeon & Shrimp Combo","MEAL","26000","살아있는 통문어 한 마리와 전복, 꽃게, 홍합을 통째로 넣고 칼칼하게 끓인 명품 해물라면과 달큰한 딱새우 회 콤보","Whole baby octopus, fresh abalone, crab and mussels simmered in spicy broth paired with sweet Jeju red band shrimp sashimi","외국인 선호 Top 3 필수 미식","https://tong.visitkorea.or.kr/cms/resource/66/3096066_image2_1.jpg","한국관광공사 TourAPI 포토갤러리 및 HypeHeritage 예산 DB"
"K-푸드/미식","jeju_hallabong_dessert","JEJU","애월/함덕 오션뷰 카페 제주 한라봉 에이드 & 당근 케이크","Jeju Hallabong Citrus Ade & Oceanview Pastry","DESSERT_CAFE","16000","제주산 상큼한 한라봉 수제 청으로 만든 스파클링 에이드 2잔과 구좌읍 특산 당근으로 구워낸 촉촉한 크림치즈 당근 케이크","Two sparkling handmade Hallabong citrus ades paired with moist Gujwa carrot cream cheese cake at coastal oceanview cafe","외국인 선호 Top 3 필수 미식","https://tong.visitkorea.or.kr/cms/resource/36/2833236_image2_1.JPG","한국관광공사 TourAPI 포토갤러리 및 HypeHeritage 예산 DB"
"K-푸드/미식","jeju_gogi_guksu","JEJU","제주 고기국수","Jeju Gogi-guksu (Pork Noodle Soup)","MEAL","10000","돼지 뼈를 오랜 시간 뽀얗게 우려낸 담백하고 진한 육수에 중면 국수와 도톰한 수육 편육을 얹어 낸 제주의 향토음식","Comforting bowl of yellow wheat noodles in rich pork bone broth crowned with tender slices of braised pork belly","외국인 선호 Top 3 필수 미식","https://tong.visitkorea.or.kr/cms/resource/36/2833236_image2_1.JPG","한국관광공사 TourAPI 포토갤러리 및 HypeHeritage 예산 DB"
"K-푸드/미식","jeju_galchi_jorim","JEJU","제주 은갈치조림","Jeju Galchi-jorim (Braised Silver Cutlassfish)","SEAFOOD","32000","제주 바다에서 갓 낚아 올린 싱싱한 은갈치를 감자, 무와 함께 매콤달콤한 고추장 양념에 자작하게 졸여낸 명품 요리","Extra-long wild silver cutlassfish simmered gently with radishes and potatoes in fiery-sweet garlic chili sauce","외국인 선호 Top 3 필수 미식","https://tong.visitkorea.or.kr/cms/resource/75/4005575_image2_1.jpg","한국관광공사 TourAPI 포토갤러리 및 HypeHeritage 예산 DB"
"K-푸드/미식","jeju_abalone_porridge","JEJU","제주 전복죽 & 해물뚝배기","Jeju Jeonbok-juk (Abalone Porridge & Clay Pot Stew)","SEAFOOD","16000","신선한 전복 내장을 넣어 진하고 녹진하게 끓인 전통 전복죽과 딱새우, 조개가 들어간 얼큰하고 시원한 해물뚝배기","Rich, green-hued rice porridge simmered with wild abalone viscera, served alongside a sizzling clay pot of local seafood","대표 미식","https://tong.visitkorea.or.kr/cms/resource/20/2868420_image2_1.jpg","한국관광공사 TourAPI 포토갤러리 및 HypeHeritage 예산 DB"
"K-푸드/미식","jeju_ttaksaewoo_sashimi","JEJU","제주 딱새우회 & 해산물 모둠","Jeju Ttaksaewoo Sashimi (Red-banded Lobster Platter)","SEAFOOD","25000","제주 청정 바다에서 갓 잡은 신선한 딱새우를 손질해 입에 넣으면 사르르 녹아내리는 달콤하고 차진 식감의 고급 생선회","Pristine sweet red-banded spiny lobsters harvested around Jeju, noted for their tender, melt-in-mouth sweetness and chew's pristine waters","대표 미식","https://upload.wikimedia.org/wikipedia/commons/4/4f/%EB%94%B1%EC%83%88%EC%9A%B0.jpg","한국관광공사 TourAPI 포토갤러리 및 HypeHeritage 예산 DB"
"K-푸드/미식","jeju_bomal_kalguksu","JEJU","제주 보말칼국수","Jeju Bomal Kalguksu (Sea Snail Noodle Soup)","MEAL","12000","제주 갯바위에서 채취한 고둥(보말)의 내장까지 통째로 갈아 넣어 녹진하고 깊은 바다 향이 우러난 진국 칼국수","Deep green, richly savory noodle soup made from wild Jeju sea snails ground with internal organs for intense sea umami","대표 미식","https://tong.visitkorea.or.kr/cms/resource/22/4075322_image2_1.jpg","한국관광공사 TourAPI 포토갤러리 및 HypeHeritage 예산 DB"
"K-푸드/미식","jeju_citrus_omegi","JEJU","제주 오메기떡 & 한라봉 디저트","Jeju Omegi-tteok & Hallabong Dessert","DESSERT_CAFE","6000","차조와 쑥 반죽 속에 달콤한 팥소를 채우고 통팥 고물을 묻힌 제주 전통 오메기떡과 상큼 달콤한 한라봉 주스","Traditional Jeju mugwort rice cakes filled with sweet red beans rolled in azuki beans, served with refreshing Hallabong juice","대표 미식","https://upload.wikimedia.org/wikipedia/commons/4/47/%EC%98%A4%EB%A9%94%EA%B8%B0%EB%96%A1_%EC%A0%95%EB%A9%B4.jpg","한국관광공사 TourAPI 포토갤러리 및 HypeHeritage 예산 DB"
"K-푸드/미식","jeju_dombe_gogi","JEJU","제주 돔베고기","Jeju Dombe-gogi (Boiled Pork on Cutting Board)","BBQ_FEAST","22000","갓 삶아낸 두툼하고 촉촉한 돼지고기 수육을 나무 도마(돔베)에 썰어 굵은 소금과 멜젓, 쌈채소와 함께 즐기는 제주 향토 음식","Juicy, freshly boiled tender pork belly sliced on a rustic wooden chopping board with sea salt and pungent fermented anchovy sauce","대표 미식","https://tong.visitkorea.or.kr/cms/resource/68/2836968_image2_1.jpg","한국관광공사 TourAPI 포토갤러리 및 HypeHeritage 예산 DB"
"K-푸드/미식","jeju_hanchi_mulhoe","JEJU","제주 한치물회","Jeju Hanchi Mulhoe (Chilled Squid Soup)","SEAFOOD","16000","갓 잡아 부드럽고 쫄깃한 한치 생선살을 오이, 미나리와 함께 살얼음 동동 띄운 된장·초고추장 육수에 말아 먹는 여름 별미","Tender fresh squid slices served in refreshing ice-cold spicy broth seasoned with fermented soybean paste and vinegar","대표 미식","https://tong.visitkorea.or.kr/cms/resource/15/2872615_image2_1.JPG","한국관광공사 TourAPI 포토갤러리 및 HypeHeritage 예산 DB"
"K-푸드/미식","jeju_okdom_gui","JEJU","제주 옥돔구이","Jeju Okdom-gui (Grilled Red Tilefish)","MEAL","22000","제주 특산 옥돔을 바닷바람에 반건조하여 기름에 노릇노릇 바삭하게 구워내 담백하고 고소한 맛이 일품인 생선구이","Sea-breeze dried royal red tilefish grilled with a golden crisp exterior and moist, delicately sweet and clean white meat","대표 미식","https://upload.wikimedia.org/wikipedia/commons/b/bc/Korean_cuisine-Jeju_Island-Okdom_gui-Grilled_Tilefish-01.jpg","한국관광공사 TourAPI 포토갤러리 및 HypeHeritage 예산 DB"
"K-푸드/미식","jeonju_choco_pie","JEONJU","전주 한옥마을 수제 초코파이 & 콩나물국밥 아침","Jeonju Choco Pie & Morning Soup","MEAL","15000","한옥마을 명물 달콤한 수제 초코파이 디저트와 뚝배기 전주 콩나물국밥 아침 식사 콤보","Iconic Jeonju handmade artisan choco pie paired with hot savory bean sprout soup breakfast","외국인 선호 Top 3 필수 미식","https://tong.visitkorea.or.kr/cms/resource/18/2840018_image2_1.jpg","한국관광공사 TourAPI 포토갤러리 및 HypeHeritage 예산 DB"
"K-푸드/미식","jeonju_gamaek_culture","JEONJU","전주 레트로 골목 가맥(가게맥주) 황태구이 & 특제 소스 야식 세트","Jeonju Retro Street Pub (Gamaek) Dried Pollack & Beer","STREET_SNACK","22000","전주 동문거리 노포 가맥집의 바삭하게 연탄불에 구워낸 황태포와 마요네즈·청양고추 특제 간장 소스, 시원한 병맥주 야식 세트","Crispy briquette-grilled dried pollack served with secret chili mayonnaise soy sauce and cold beer at Jeonju's historic corner stores","외국인 선호 Top 3 필수 미식","https://tong.visitkorea.or.kr/cms/resource/04/3304404_image2_1.jpg","한국관광공사 TourAPI 포토갤러리 및 HypeHeritage 예산 DB"
"K-푸드/미식","jeonju_bibimbap","JEONJU","전주 비빔밥","Jeonju Bibimbap (Royal Mixed Rice)","MEAL","14000","사골 육수로 지은 밥에 황포묵, 육회, 콩나물, 계절 나물 등 오색 고명을 정갈하게 얹어 놋그릇에 담아내는 유네스코 음식 창의도시 전주의 대표 요리","World-renowned UNESCO traditional rice bowl cooked in rich beef bone broth, topped with seasonal namul, mung bean jelly, and seasoned beef's culinary crown jewel: beef broth rice served in heavy brass bowl with seasoned beef tartare and 10 herbs","외국인 선호 Top 3 필수 미식","https://tong.visitkorea.or.kr/cms/resource/63/1023863_image2_1.jpg","한국관광공사 TourAPI 포토갤러리 및 HypeHeritage 예산 DB"
"K-푸드/미식","jeonju_kongnamul_gukbap","JEONJU","전주 콩나물국밥","Jeonju Kongnamul-gukbap (Bean Sprout Soup)","MEAL","9000","전주 8미 중 으뜸인 아삭한 콩나물과 오징어를 맑은 육수에 끓여 김가루와 수란(반숙란)을 곁들여 먹는 전주의 해장국","Crisp local bean sprouts simmered in clean anchovy-squid broth, served boiling with soft-poached eggs and roasted seaweed","외국인 선호 Top 3 필수 미식","https://tong.visitkorea.or.kr/cms/resource/63/1023863_image2_1.jpg","한국관광공사 TourAPI 포토갤러리 및 HypeHeritage 예산 DB"
"K-푸드/미식","jeonju_pi_sundae","JEONJU","전주 피순대국밥","Jeonju Pi-sundae (Authentic Blood Sausage Soup)","MEAL","10000","돼지 막창에 선지와 채소를 꽉 채워 쪄낸 부드럽고 녹진한 피순대를 초장에 찍어 먹고 얼큰한 뚝배기 국밥으로 즐기는 전주 명물","Creamy traditional blood sausage hand-stuffed in natural casing, dipped in vinegared chili paste and enjoyed in boiling spicy stew","외국인 선호 Top 3 필수 미식","https://tong.visitkorea.or.kr/cms/resource/63/1023863_image2_1.jpg","한국관광공사 TourAPI 포토갤러리 및 HypeHeritage 예산 DB"
"K-푸드/미식","jeonju_hanjeongsik_full","JEONJU","전주 한정식","Jeonju Grand Hanjeongsik (Royal Course Feast)","MEAL","40000","맛의 고장 전주의 진수를 느낄 수 있는 30여 가지의 산해진미, 갈비구이, 계절 찌개와 정갈한 찬들이 차려지는 명품 상차림","Grand 30-dish royal feast representing the heritage of Jeonju with charcoal-grilled beef, seasonal stews, and delicate side dishes","대표 미식","https://tong.visitkorea.or.kr/cms/resource/63/1023863_image2_1.jpg","한국관광공사 TourAPI 포토갤러리 및 HypeHeritage 예산 DB"
"K-푸드/미식","jeonju_gamaek","JEONJU","전주 가맥 황태포","Jeonju Gamaek Hwangtae (Charcoal-Toasted Dried Pollock)","STREET_SNACK","15000","동네 가게 맥줏집(가맥)에서 연탄불에 바삭하고 고소하게 구워낸 두툼한 황태포와 청양고추 간장마요 특제 소스","Jeonju corner pub culture featuring thick dried pollock roasted over briquettes to airy perfection, paired with spicy mayo-soy dip","대표 미식","https://tong.visitkorea.or.kr/cms/resource/63/1023863_image2_1.jpg","한국관광공사 TourAPI 포토갤러리 및 HypeHeritage 예산 DB"
"K-푸드/미식","jeonju_tteokgalbi","JEONJU","전주 한우 떡갈비","Jeonju Hanwoo Tteokgalbi (Minced Beef Patties)","BBQ_FEAST","16000","소갈빗살을 칼로 곱게 다져 달콤 짭조름한 양념을 버무린 뒤 참숯불에 떡처럼 도톰하게 빚어 구워낸 궁중 요리","Tender minced beef ribs marinated in sweet garlic soy glaze, shaped into thick juicy patties and charcoal-grilled","대표 미식","https://tong.visitkorea.or.kr/cms/resource/63/1023863_image2_1.jpg","한국관광공사 TourAPI 포토갤러리 및 HypeHeritage 예산 DB"
"K-푸드/미식","jeonju_moju_pajeon","JEONJU","전주 모주 & 해물파전","Jeonju Moju & Haemul Pajeon (Herbal Wine & Scallion Pancake)","DESSERT_CAFE","12000","막걸리에 계피, 대추, 생강 등 한약재를 넣고 달여 은은하게 달콤한 저알콜 모주와 겉바속촉 해물파전","Naturally sweet low-alcohol herbal wine simmered with cinnamon and dates, paired with a crisp and savory seafood pancake","대표 미식","https://tong.visitkorea.or.kr/cms/resource/63/1023863_image2_1.jpg","한국관광공사 TourAPI 포토갤러리 및 HypeHeritage 예산 DB"
"K-푸드/미식","jeonju_veteran_kalguksu","JEONJU","전주 베테랑 들깨칼국수","Jeonju Veteran Kalguksu (Egg Drop Perilla Noodle Soup)","MEAL","9000","달걀을 푼 구수하고 걸쭉한 국물에 들깨가루, 김가루, 고춧가루를 삼색으로 듬뿍 얹어 비벼 먹는 한옥마을 명물 칼국수","Comforting thick egg-drop broth noodles generously dusted with toasted perilla seeds, nori flakes, and spicy red pepper","대표 미식","https://tong.visitkorea.or.kr/cms/resource/63/1023863_image2_1.jpg","한국관광공사 TourAPI 포토갤러리 및 HypeHeritage 예산 DB"
"K-푸드/미식","jeonju_omogari_tang","JEONJU","전주 오모가리탕","Jeonju Omogari-tang (Clay Pot Freshwater Fish Stew)","SEAFOOD","22000","전주천 변 뚝배기(오모가리)에 메기, 쏘가리와 시래기를 넣고 얼큰하고 구수하게 끓여낸 전통 매운탕","Traditional spicy freshwater fish stew slow-simmered in thick earthenware pots with dried radish greens and garlic","대표 미식","https://tong.visitkorea.or.kr/cms/resource/97/3054097_image2_1.jpg","한국관광공사 TourAPI 포토갤러리 및 HypeHeritage 예산 DB"
"K-푸드/미식","jeonju_chocopie","JEONJU","전주 수제 초코파이","Jeonju Artisanal Choco Pie","DESSERT_CAFE","3500","달콤한 초콜릿 코팅과 부드러운 초코 시트 사이에 딸기잼과 하얀 마시멜로 크림, 호두가 씹히는 전주 전통 베이커리 빵","Famous handmade pastry featuring soft chocolate biscuit filled with sweet strawberry jam, cream, and crunchy walnuts","대표 미식","https://tong.visitkorea.or.kr/cms/resource/63/1023863_image2_1.jpg","한국관광공사 TourAPI 포토갤러리 및 HypeHeritage 예산 DB"
"K-푸드/미식","gangneung_chodang_sundubu","GANGNEUNG","강릉 초당 순두부","Gangneung Chodang Sundubu (Sea-Water Soft Tofu)","MEAL","11000","동해안 청정 바닷물을 간수로 사용하여 콩 본연의 고소하고 달큰한 풍미가 가득한 400년 전통의 부드러운 순두부","Celebrated 400-year traditional soft tofu coagulated exclusively with pristine East Sea deep seawater for unmatched natural sweetness","외국인 선호 Top 3 필수 미식","https://tong.visitkorea.or.kr/cms/resource/61/4039261_image2_1.jpg","한국관광공사 TourAPI 포토갤러리 및 HypeHeritage 예산 DB"
"K-푸드/미식","gangneung_jang_kalguksu","GANGNEUNG","강릉 장칼국수","Gangneung Jang Kalguksu (Spicy Paste Noodles)","MEAL","9000","구수한 된장과 칼칼한 고추장을 멸치 육수에 풀어 호박, 감자, 계란을 넣고 걸쭉하게 끓여낸 강릉의 소울 칼국수","Thick hand-cut knife noodles simmered in rich, fiery red broth seasoned with fermented red pepper paste and soybean paste","외국인 선호 Top 3 필수 미식","https://tong.visitkorea.or.kr/cms/resource/61/4039261_image2_1.jpg","한국관광공사 TourAPI 포토갤러리 및 HypeHeritage 예산 DB"
"K-푸드/미식","gangneung_anmok_coffee","GANGNEUNG","안목해변 스페셜티 커피","Anmok Beach Specialty Drip Coffee","DESSERT_CAFE","8000","한국의 커피 1번지 안목 커피거리 바다를 바라보며 마시는 대한민국 1세대 바리스타들의 명품 핸드드립 커피","Freshly roasted artisanal specialty pour-over coffee savored along historic Anmok Coastal Beach Coffee Street's coffee capital overlooking the scenic blue ocean waves","외국인 선호 Top 3 필수 미식","https://tong.visitkorea.or.kr/cms/resource/58/4075958_image2_1.jpg","한국관광공사 TourAPI 포토갤러리 및 HypeHeritage 예산 DB"
"K-푸드/미식","gangneung_ggomak_bibimbap","GANGNEUNG","강릉 꼬막비빔밥","Gangneung Ggomak Bibimbap (Spicy Seasoned Cockles)","SEAFOOD","18000","통통하게 살이 오른 참꼬막을 고추, 쪽파, 참기름 특제 양념에 버무려 고소한 밥과 비벼 먹는 강릉 최고의 인기 음식","Massive platter of tender, freshly shucked cockle clams tossed in savory soy, sesame oil, and hot green peppers served with seasoned rice","대표 미식","https://tong.visitkorea.or.kr/cms/resource/61/4039261_image2_1.jpg","한국관광공사 TourAPI 포토갤러리 및 HypeHeritage 예산 DB"
"K-푸드/미식","gangneung_gamja_ongsimi","GANGNEUNG","강릉 감자옹심이","Gangneung Gamja Ongsimi (Chewy Potato Dumplings)","MEAL","10000","강원도 감자를 갈아 빚은 쫀득한 새알심(옹심이)을 구수한 멸치 메밀 육수에 끓여낸 토속 음식","Traditional Gangwon regional comfort soup featuring delightfully chewy, handcrafted potato starch dumplings in savory broth","대표 미식","https://tong.visitkorea.or.kr/cms/resource/61/4039261_image2_1.jpg","한국관광공사 TourAPI 포토갤러리 및 HypeHeritage 예산 DB"
"K-푸드/미식","gangneung_garlic_bread","GANGNEUNG","강릉 육쪽마늘빵","Gangneung Cream Cheese Garlic Bread","DESSERT_CAFE","4500","바삭한 바게트 빵 틈새에 알싸한 마늘 소스와 진하고 달콤한 크림치즈를 아낌없이 채워 구워낸 강릉 명물 베이커리","Crusty six-segmented round bread drenched in aromatic roasted garlic butter and loaded with sweet cream cheese custard","대표 미식","https://tong.visitkorea.or.kr/cms/resource/61/4039261_image2_1.jpg","한국관광공사 TourAPI 포토갤러리 및 HypeHeritage 예산 DB"
"K-푸드/미식","gangneung_ojingeo_sundae","GANGNEUNG","주문진 오징어순대","Jumunjin Ojingeo Sundae (Stuffed Squid)","SEAFOOD","15000","통오징어 몸통 속에 찹쌀, 두부, 야채를 꽉 채워 쪄낸 후 달걀물을 입혀 철판에 노릇하게 부쳐낸 동해안 별미","Fresh whole squid tube stuffed with sticky rice, tofu, and minced vegetables, sliced and pan-fried in golden egg wash","대표 미식","https://tong.visitkorea.or.kr/cms/resource/41/2839641_image2_1.jpg","한국관광공사 TourAPI 포토갤러리 및 HypeHeritage 예산 DB"
"K-푸드/미식","gangneung_mulhoe_set","GANGNEUNG","사천진리 해변 모둠물회","Gangneung Mulhoe (Chilled Assorted Raw Fish Soup)","SEAFOOD","18000","동해 바다의 싱싱한 광어, 오징어, 해삼을 살얼음 띄운 매콤새콤한 과일 초고추장 육수에 말아 소면과 먹는 여름 요리","Plentiful fresh raw fish and seafood served in an icy, sweet-and-sour red pepper broth garnished with fine somyeon noodles","대표 미식","https://tong.visitkorea.or.kr/cms/resource/79/2912779_image2_1.jpg","한국관광공사 TourAPI 포토갤러리 및 HypeHeritage 예산 DB"
"K-푸드/미식","gangneung_gaori_jjim","GANGNEUNG","강릉 가오리 생선찜","Gangneung Gaori-jjim (Braised Stingray Fish)","SEAFOOD","25000","결대로 부드럽게 찢어지는 가오리 살과 포슬포슬한 감자, 무를 특제 매콤달콤 양념에 졸여낸 강릉 로컬 대표 찜 요리","Succulent braised stingray with tender cartilege simmered in thick sweet-spicy chili glaze with soft potatoes and radishes","대표 미식","https://tong.visitkorea.or.kr/cms/resource/61/4039261_image2_1.jpg","한국관광공사 TourAPI 포토갤러리 및 HypeHeritage 예산 DB"
"K-푸드/미식","gangneung_sundubu_gelato","GANGNEUNG","초당 순두부 젤라또","Chodang Sundubu Gelato Ice Cream","DESSERT_CAFE","4500","초당 순두부의 고소하고 담백한 두유 맛을 이탈리안 전통 젤라또 제조법으로 담아낸 강릉만의 독창적인 수제 디저트","Velvety artisanal Italian-style gelato crafted from authentic Chodang soft tofu, boasting a subtle and creamy soy flavor","대표 미식","https://tong.visitkorea.or.kr/cms/resource/54/2930154_image2_1.JPG","한국관광공사 TourAPI 포토갤러리 및 HypeHeritage 예산 DB"
"K-푸드/미식","gangneung_sundubu","GANGNEUNG","초당마을 명품 초당 짬뽕순두부 정식","Chodang Soft Tofu (Sundubu) Feast x 2","MEAL","26000","동해안 깨끗한 바닷물 간수로 빚어낸 몽글몽글 초당 순두부와 칼칼하고 불향 가득한 해물 짬뽕 순두부 2인 정식","Artisanal Chodang seafood soft tofu stew feast for two simmered in fiery, smoky broth with fresh East Sea clams and squid","외국인 선호 Top 3 필수 미식","https://tong.visitkorea.or.kr/cms/resource/61/4039261_image2_1.jpg","한국관광공사 TourAPI 포토갤러리 및 HypeHeritage 예산 DB"
"K-푸드/미식","anmok_ocean_cafe","GANGNEUNG","안목해변 커피거리 시그니처 오션뷰 커피 & 옥수수 라떼 콤보","Anmok Oceanview Cafe & Gangneung Corn Latte","DESSERT_CAFE","15000","탁 트인 안목해변 오션뷰를 바라보며 즐기는 강릉 명물 고소한 초당 옥수수 라떼와 스페셜티 핸드드립 커피 2잔 세트","Signature Chodang sweet corn latte paired with specialty oceanview drip coffee right along the renowned Anmok beach coffee street","외국인 선호 Top 3 필수 미식","https://tong.visitkorea.or.kr/cms/resource/54/2930154_image2_1.JPG","한국관광공사 TourAPI 포토갤러리 및 HypeHeritage 예산 DB"
"K-푸드/미식","jumunjin_seafood_market","GANGNEUNG","주문진 수산시장 생선구이 & 조개칼국수 점심","Jumunjin Seafood Noodle & Grilled Fish","MEAL","24000","주문진 활어 수산시장에서 갓 잡아 노릇하게 구워낸 모둠 생선구이와 시원한 동해안 바지락 조개 칼국수 2인 식사","Golden charcoal-grilled fresh fish assortment paired with hearty East Sea clam knife noodles at bustling Jumunjin seafood port","외국인 선호 Top 3 필수 미식","https://tong.visitkorea.or.kr/cms/resource/31/3350931_image2_1.jpg","한국관광공사 TourAPI 포토갤러리 및 HypeHeritage 예산 DB"
"K-푸드/미식","sokcho_abai_sundae","SOKCHO","속초 아바이순대","Sokcho Abai Sundae (North Korean Style Sausage)","MEAL","14000","돼지 대창 속에 찹쌀, 선지, 숙주, 배추를 꽉 채워 쪄낸 실향민들의 전통 순대로 매콤달콤한 명태회무침과 곁들여 먹는 요리","Generously stuffed thick pork intestine sausage packed with sweet rice and vegetables, paired with sweet-and-sour seasoned pollack salad","외국인 선호 Top 3 필수 미식","https://tong.visitkorea.or.kr/cms/resource/58/2845558_image2_1.jpg","한국관광공사 TourAPI 포토갤러리 및 HypeHeritage 예산 DB"
"K-푸드/미식","sokcho_dakgangjeong","SOKCHO","속초 만석 닭강정","Sokcho Dakgangjeong (Sweet & Crispy Fried Chicken)","STREET_SNACK","20000","가마솥 고온에서 바삭하게 튀겨낸 닭고기를 조청과 고추로 버무려 식어도 바삭한 속초 중앙시장의 명물","Famous crispy bite-sized fried chicken glazed with thick traditional grain syrup, chili peppers, and roasted almond flakes","외국인 선호 Top 3 필수 미식","https://tong.visitkorea.or.kr/cms/resource/58/2845558_image2_1.jpg","한국관광공사 TourAPI 포토갤러리 및 HypeHeritage 예산 DB"
"K-푸드/미식","sokcho_bongpo_mulhoe","SOKCHO","속초 모둠 물회","Sokcho Bongpo Mulhoe (Cold Seafood Soup)","SEAFOOD","19000","성게, 해삼, 활어회, 전복을 과일 발효 초장에 시원한 살얼음과 비벼 소면과 함께 즐기는 속초의 1등 해산물 요리","Loaded cold bowl of live sea urchin, abalone, sea cucumber, and fresh raw fish slices bathed in slushy tangy chili broth","외국인 선호 Top 3 필수 미식","https://tong.visitkorea.or.kr/cms/resource/05/4032905_image2_1.jpg","한국관광공사 TourAPI 포토갤러리 및 HypeHeritage 예산 DB"
"K-푸드/미식","sokcho_red_crab_feast","SOKCHO","속초 동해안 홍게 찜","Sokcho Steamed Red Snow Crab","SEAFOOD","35000","속초 앞바다 심해에서 갓 잡은 신선한 붉은 대게(홍게)를 찜기에 쪄서 꽉 찬 달콤한 속살과 게딱지 볶음밥을 먹는 요리","Fresh sweet East Sea red snow crabs steamed to order, served with fragrant crab shell fried rice seasoned with toasted nori and sesame oil","대표 미식","https://tong.visitkorea.or.kr/cms/resource/58/2845558_image2_1.jpg","한국관광공사 TourAPI 포토갤러리 및 HypeHeritage 예산 DB"
"K-푸드/미식","sokcho_hoe_naengmyeon","SOKCHO","속초 명태 회냉면","Sokcho Hoe-naengmyeon (Pollock Cold Noodles)","MEAL","11000","쫄깃한 함흥식 고구마 전분 면발 위에 새콤달콤하게 숙성시킨 명태회를 듬뿍 얹어 비벼 먹는 속초 실향민의 전통 냉면","Springy sweet potato starch noodles topped with chewy fermented spicy raw pollock fish and refreshing chilled broth","대표 미식","https://tong.visitkorea.or.kr/cms/resource/58/2845558_image2_1.jpg","한국관광공사 TourAPI 포토갤러리 및 HypeHeritage 예산 DB"
"K-푸드/미식","sokcho_seopguk","SOKCHO","속초 자연산 섭국","Sokcho Seopguk (Spicy Wild Mussel Soup)","SEAFOOD","13000","동해 깊은 바다 갯바위에서 딴 큼직한 자연산 홍합(섭)을 된장과 고추장 육수에 부추, 미나리와 얼큰하게 끓여낸 향토 해장국","Robust spicy and comforting red broth soup cooked with giant wild East Sea mussels, fresh chives, and leeks","대표 미식","https://tong.visitkorea.or.kr/cms/resource/58/2845558_image2_1.jpg","한국관광공사 TourAPI 포토갤러리 및 HypeHeritage 예산 DB"
"K-푸드/미식","sokcho_dongmyeong_sashimi","SOKCHO","동명항 활어회","Dongmyeong Port Fresh Sashimi Platter","SEAFOOD","30000","속초 동명항 포차거리에서 갓 잡아 올린 도다리, 가자미, 오징어를 바닷바람을 맞으며 맛보는 자연산 활어회","Just-caught East Sea seasonal wild sashimi sliced fresh at dockside markets, enjoyed with savory ssamjang dip by the sea","대표 미식","https://tong.visitkorea.or.kr/cms/resource/55/3041255_image2_1.jpg","한국관광공사 TourAPI 포토갤러리 및 HypeHeritage 예산 DB"
"K-푸드/미식","sokcho_grilled_fish","SOKCHO","속초 숯불 생선구이","Sokcho Charcoal Grilled Fish Feast","MEAL","17000","고등어, 꽁치, 조기, 메로, 양미리, 열기 등 다양한 동해안 생선을 참숯불에 즉석에서 직접 구워 먹는 속초 명물 한상","Assorted seasonal East Sea fresh fish charcoal-grilled table-side over glowing embers until smoky and juicy","대표 미식","https://tong.visitkorea.or.kr/cms/resource/58/2845558_image2_1.jpg","한국관광공사 TourAPI 포토갤러리 및 HypeHeritage 예산 DB"
"K-푸드/미식","sokcho_makguksu","SOKCHO","속초 동치미 막국수","Sokcho Dongchimi Makguksu (Buckwheat Noodles)","MEAL","10000","항아리에서 숙성한 톡 쏘는 살얼음 동치미 무 육수를 순메밀 국수에 부어 들기름과 함께 담백하게 비벼 먹는 국수","Rustic buckwheat noodles served with naturally fermented icy radish water kimchi broth, perilla oil, and sesame seeds","대표 미식","https://tong.visitkorea.or.kr/cms/resource/13/3449813_image2_1.jpg","한국관광공사 TourAPI 포토갤러리 및 HypeHeritage 예산 DB"
"K-푸드/미식","sokcho_sweet_pumpkin_sikhye","SOKCHO","속초 단호박 식혜","Sokcho Sweet Pumpkin Sikhye Beverage","DESSERT_CAFE","4000","달콤하고 부드러운 단호박을 엿기름과 삭혀 살얼음 동동 띄워 시원하고 깔끔하게 마시는 전통 디저트 음료","Refreshing golden-hued traditional fermented sweet pumpkin and malt beverage served ice-cold with soft rice grains","대표 미식","https://tong.visitkorea.or.kr/cms/resource/58/2845558_image2_1.jpg","한국관광공사 TourAPI 포토갤러리 및 HypeHeritage 예산 DB"
"K-푸드/미식","gyeongju_hwangnambbang","GYEONGJU","경주 황남빵 & 찰보리빵","Gyeongju Hwangnam-ppang & Barley Bread","DESSERT_CAFE","12000","얇은 밀가루 피 속에 100% 국산 팥앙금을 가득 채워 구워낸 80년 전통의 경주 공인 전통 빵","Historic Gyeongju regional pastries featuring thin crust stuffed with silky sweet red bean paste and soft chewy barley pancakes","외국인 선호 Top 3 필수 미식","https://tong.visitkorea.or.kr/cms/resource/82/2877982_image2_1.jpg","한국관광공사 TourAPI 포토갤러리 및 HypeHeritage 예산 DB"
"K-푸드/미식","gyeongju_hanwoo_mulhoe","GYEONGJU","경주 한우 물회","Gyeongju Hanwoo Beef Mulhoe (Chilled Raw Beef)","MEAL","15000","신선한 최고급 경주 한우 육회를 살얼음 띄운 매콤달콤한 비법 육수에 소면, 오이와 함께 말아먹는 경주만의 독특한 별미","Premium Korean native beef tartare served in an icy, sweet-and-tangy cold soup with thin cucumber slices and somyeon noodles","외국인 선호 Top 3 필수 미식","https://tong.visitkorea.or.kr/cms/resource/29/2838729_image2_1.jpg","한국관광공사 TourAPI 포토갤러리 및 HypeHeritage 예산 DB"
"K-푸드/미식","gyeongju_ssambap","GYEONGJU","대릉원 로컬 떡갈비 쌈밥 정식","Gyeongju Tteokgalbi Ssambap Feast x 2","MEAL","34000","신선한 쌈채소와 정갈한 찬, 육즙 가득한 떡갈비를 곁들여 먹는 경주 대릉원 대표 쌈밥 한상","Abundant wellness table offering fresh organic leafy wraps, savory handcrafted beef patties, and traditional side dishes","외국인 선호 Top 3 필수 미식","https://tong.visitkorea.or.kr/cms/resource/98/4105798_image2_1.jpg","한국관광공사 TourAPI 포토갤러리 및 HypeHeritage 예산 DB"
"K-푸드/미식","hwangnam_bread","GYEONGJU","황리단길 십원빵 & 황남빵 디저트 콤보","Hwangridan-gil 10-Won Bread Combo","DESSERT_CAFE","10000","모짜렐라 치즈가 듬뿍 늘어나는 황리단길 십원빵과 80년 전통 팥앙금 가득 황남빵 디저트 세트","Cheesy 10-won coin waffle bread paired with historic sweet red bean Hwangnam-ppang pastries","외국인 선호 Top 3 필수 미식","https://tong.visitkorea.or.kr/cms/resource/21/2904221_image2_1.jpg","한국관광공사 TourAPI 포토갤러리 및 HypeHeritage 예산 DB"
"K-푸드/미식","gyeongju_maetdol_sundubu","GYEONGJU","경주 맷돌 순두부찌개","Gyeongju Stone-Ground Sundubu Stew","MEAL","12000","국산 콩을 전통 맷돌 방식으로 갈아 몽글몽글 끓여낸 구수한 순두부에 계란을 톡 깨 넣어 먹는 보문단지 전통 찌개","Traditional stone-milled curded soft tofu soup boiled with baby shrimp, clams, and vegetables in deep earthenware","대표 미식","https://tong.visitkorea.or.kr/cms/resource/79/2912779_image2_1.jpg","한국관광공사 TourAPI 포토갤러리 및 HypeHeritage 예산 DB"
"K-푸드/미식","gyeongju_tteokgalbi_sotbap","GYEONGJU","경주 한우 떡갈비 솥밥","Gyeongju Tteokgalbi & Hot Stone Rice","MEAL","17000","경주 한우를 곱게 다져 달콤한 양념에 구워낸 육즙 가득한 떡갈비와 갓 지은 뜨끈한 은행 대추 영양 솥밥","Juicy handcrafted Korean beef rib patties grilled over charcoal, accompanied by freshly steamed hot stone pot rice","대표 미식","https://tong.visitkorea.or.kr/cms/resource/29/2838729_image2_1.jpg","한국관광공사 TourAPI 포토갤러리 및 HypeHeritage 예산 DB"
"K-푸드/미식","gyeongju_gyori_gimbap","GYEONGJU","경주 교리김밥","Gyeongju Gyori Gimbap (Egg Ribbon Roll)","STREET_SNACK","5500","가늘게 채 썬 부드러운 달걀지단을 김밥의 80% 이상 꽉 채워 고소하고 부드러운 식감이 일품인 교촌마을 원조 김밥","Iconic traditional gimbap roll densely stuffed with hundreds of thinly shredded tender egg ribbons for a fluffy, savory bite","대표 미식","https://tong.visitkorea.or.kr/cms/resource/11/4097011_image2_1.jpg","한국관광공사 TourAPI 포토갤러리 및 HypeHeritage 예산 DB"
"K-푸드/미식","gyeongju_10won_bread","GYEONGJU","황리단길 십원빵","Hwangridan-gil 10-Won Coin Cheese Bread","DESSERT_CAFE","3500","경주 다보탑이 새겨진 옛 10원짜리 동전 모양 빵 반죽 속에 고소한 모짜렐라 치즈가 길게 늘어나는 인기 길거리 디저트","Fun waffle pastry shaped like Korea's historic 10-won coin, filled with stretchy melted mozzarella cheese and sweet custard's historic 10-won coin, filled with stretchy melted mozzarella cheese and sweet custard","대표 미식","https://tong.visitkorea.or.kr/cms/resource/21/2904221_image2_1.jpg","한국관광공사 TourAPI 포토갤러리 및 HypeHeritage 예산 DB"
"K-푸드/미식","gyeongju_mukbap","GYEONGJU","경주 메밀 묵밥","Gyeongju Buckwheat Jelly Mukbap","MEAL","10000","부드럽고 쌉싸름한 메밀묵 채에 멸치 육수와 볶은 김치, 김가루를 얹어 밥을 말아 시원하게 먹는 전통 묵 요리","Wholesome bowl of sliced buckwheat jelly served in chilled savory broth with finely chopped kimchi and seaweed","대표 미식","https://tong.visitkorea.or.kr/cms/resource/29/2838729_image2_1.jpg","한국관광공사 TourAPI 포토갤러리 및 HypeHeritage 예산 DB"
"K-푸드/미식","gyeongju_charcoal_ribs","GYEONGJU","경주 천년한우 갈비살 구이","Gyeongju Hanwoo Rib Eye Charcoal BBQ","BBQ_FEAST","29000","마블링이 빼어난 경주 명품 천년한우의 갈비살을 참숯불에 살짝 구워 천일염과 기름장에 찍어 먹는 최고급 구이","Prime cuts of local Gyeongju Hanwoo beef rib fingers grilled table-side over hardwood charcoal with sea salt","대표 미식","https://tong.visitkorea.or.kr/cms/resource/29/2838729_image2_1.jpg","한국관광공사 TourAPI 포토갤러리 및 HypeHeritage 예산 DB"
"K-푸드/미식","gyeongju_traditional_soup","GYEONGJU","경주 가마솥 한우 곰탕","Gyeongju Cauldron Hanwoo Gomtang (Beef Soup)","MEAL","12000","무쇠 가마솥에 한우 양지와 사골을 푹 고아내 맑고 깊은 감칠맛을 자랑하는 70년 전통의 경주식 해장 국밥","Clear, deeply flavorful beef broth slow-boiled in massive traditional iron cauldrons with tender brisket cuts and spring onions","대표 미식","https://tong.visitkorea.or.kr/cms/resource/29/2838729_image2_1.jpg","한국관광공사 TourAPI 포토갤러리 및 HypeHeritage 예산 DB"
"K-푸드/미식","suwon_wanggalbi","SUWON","수원 왕갈비","Suwon Wang-galbi (King Charcoal Beef Ribs)","BBQ_FEAST","38000","정조대왕 시절부터 이어져 온 수원의 상징으로, 큼직한 소갈비에 소금과 마늘, 참기름으로 담백하게 간한 명품 숯불구이","Giant royal bone-in beef short ribs seasoned delicately with sea salt, sesame, and garlic, charcoal-grilled over hot coals's legendary meat dishes: massive prime beef ribs seasoned lightly with salt, garlic, and sesame","외국인 선호 Top 3 필수 미식","https://cdn.visitkorea.or.kr/img/call?cmd=VIEW&id=472e0548-f287-4407-b728-318b1bd6dd36","한국관광공사 TourAPI 포토갤러리 및 HypeHeritage 예산 DB"
"K-푸드/미식","suwon_chicken_street","SUWON","수원 왕갈비 통닭","Suwon Wang-galbi Fried Chicken","MEAL","21000","달콤짭조름한 특제 왕갈비 양념 소스를 바삭하게 튀긴 치킨에 버무려 전국적 인기를 얻은 수원의 대표 명물 통닭","Crispy fried chicken tossed in sweet, savory, and aromatic Wang-galbi barbecue sauce, a famous signature of Suwon","외국인 선호 Top 3 필수 미식","https://cdn.visitkorea.or.kr/img/call?cmd=VIEW&id=9385c5d0-c078-4d8f-b0d8-1ae0d6b63ee5","한국관광공사 TourAPI 포토갤러리 및 HypeHeritage 예산 DB"
"K-푸드/미식","suwon_wang_galbitang","SUWON","수원 왕갈비탕","Suwon Wang-galbitang (Giant Beef Rib Soup)","MEAL","15000","성인 팔뚝만 한 거대한 소갈비 뼈 2대를 맑은 육수에 푹 고아 파와 당면을 넣고 푸짐하게 끓여낸 든든한 보양탕","Enormous beef ribs cooked in clear aromatic broth with glass noodles and scallions, served with hot dipping mustard sauce","외국인 선호 Top 3 필수 미식","/assets/suwon-wang-galbitang.jpg","한국관광공사 TourAPI 포토갤러리 및 HypeHeritage 예산 DB"
"K-푸드/미식","suwon_boyoung_mandu","SUWON","수원 군만두 & 쫄면","Suwon Fried Mandu & Jjolmyeon","STREET_SNACK","9000","바삭하게 튀긴 육즙 가득한 수제 군만두를 양배추 가득한 새콤달콤 매운 쫄면에 싸 먹는 수원 행궁동의 대표 분식","Deep-fried crispy handmade pork dumplings paired with chewy noodles tossed in shredded cabbage and fiery spicy-sour sauce","대표 미식","/assets/suwon-mandu-jjolmyeon.jpg","한국관광공사 TourAPI 포토갤러리 및 HypeHeritage 예산 DB"
"K-푸드/미식","suwon_jidong_sundae","SUWON","수원 지동시장 순대곱창 볶음","Jidong Market Sundae & Tripe Stir-fry","MEAL","12000","철판에 순대와 쫄깃한 돼지 곱창, 깻잎, 팽이버섯, 당면을 들깨가루와 매콤한 양념장에 볶아 먹는 100년 전통 지동시장 요리","Sizzling tabletop skillet stir-fry of blood sausage, pork intestine, perilla leaves, and chewy glass noodles in spicy sauce","대표 미식","/assets/suwon-jidong-sundaebokkeum.jpg","한국관광공사 TourAPI 포토갤러리 및 HypeHeritage 예산 DB"
"K-푸드/미식","suwon_hwaseong_dessert","SUWON","생선구이 백반","Grilled Fish Feast Baekban","MEAL","14000","노릇노릇 바삭하게 구워낸 신선한 모둠 생선구이와 정갈한 반찬, 따뜻한 밥과 국이 함께 나오는 푸짐한 한식 밥상","Crispy grilled whole seasonal fish served with warm steamed rice, hearty soup, and an array of traditional Korean side dishes","대표 미식","/assets/suwon-saengseongui-baekban.jpg","한국관광공사 TourAPI 포토갤러리 및 HypeHeritage 예산 DB"
"K-푸드/미식","suwon_yakgwa","SUWON","수원약과","Suwon Yakgwa (Traditional Honey Pastry)","DESSERT_CAFE","6000","정조대왕 능행차 기록에도 등장하는 수원 전통 과자로, 켜켜이 결을 낸 반죽을 바삭하게 튀겨 꿀과 조청, 생강즙에 재워 부드럽고 깊은 풍미를 자랑하는 전통 모약과","Historic Suwon royal honey pastry featuring delicate flaky layers fried to golden crispness and soaked in rich honey, grain syrup, and ginger","대표 미식","/assets/suwon-yakgwa.jpg","한국관광공사 TourAPI 포토갤러리 및 HypeHeritage 예산 DB"
"K-푸드/미식","incheon_chinatown_jajang","INCHEON","인천 차이나타운 자장면","Incheon Chinatown Original Jajangmyeon","MEAL","15000","1883년 개항 이후 화교들에 의해 탄생한 한국 자장면의 발상지 인천 차이나타운의 정통 자장면과 바삭한 탕수육","Birthplace of Korean-Chinese black bean noodles in Incheon historic Chinatown, served with crispy sweet and sour pork","외국인 선호 Top 3 필수 미식","https://tong.visitkorea.or.kr/cms/resource/76/2848776_image2_1.jpg","한국관광공사 TourAPI 포토갤러리 및 HypeHeritage 예산 DB"
"K-푸드/미식","incheon_sinpo_dakgangjeong","INCHEON","신포 닭강정","Sinpo Market Dakgangjeong (Spicy Glazed Chicken)","STREET_SNACK","19000","무쇠 가마솥에 바삭하게 튀긴 닭을 청양고추와 물엿 베이스의 매콤하고 쫀득한 붉은 소스에 즉석에서 볶아내는 신포시장 명물","Fiery, crispy fried chicken chunks glazed in a simmering cauldron of sticky sweet-spicy chili syrup with whole dried peppers","외국인 선호 Top 3 필수 미식","https://tong.visitkorea.or.kr/cms/resource/04/4064804_image2_1.jpg","한국관광공사 TourAPI 포토갤러리 및 HypeHeritage 예산 DB"
"K-푸드/미식","incheon_crab_soup","INCHEON","서해 꽃게탕 & 간장게장","Incheon Blue Crab Spicy Soup & Soy Crab","SEAFOOD","28000","살과 알이 꽉 찬 서해안 암꽃게를 단호박, 무, 된장 육수에 얼큰하게 끓여낸 꽃게탕과 짭조름한 밥도둑 간장게장","Sweet fresh West Sea blue crabs stewed in fragrant spicy broth with squash, served with legendary soy-marinated raw crab","외국인 선호 Top 3 필수 미식","https://tong.visitkorea.or.kr/cms/resource/39/2900039_image2_1.jpg","한국관광공사 TourAPI 포토갤러리 및 HypeHeritage 예산 DB"
"K-푸드/미식","incheon_baendaengi","INCHEON","연안부두 밴댕이회무침","Incheon Baendaengi (Spicy Herring Salad)","SEAFOOD","12000","연안부두 밴댕이 골목에서 갓 잡은 기름진 밴댕이 살을 미나리, 오이와 매콤새콤하게 버무려 밥에 비벼 먹는 별미","Plump local silver-striped round herring raw fillets tossed with water parsley, garlic, and vinegar chili paste over warm rice","대표 미식","https://tong.visitkorea.or.kr/cms/resource/97/2846797_image2_1.jpg","한국관광공사 TourAPI 포토갤러리 및 HypeHeritage 예산 DB"
"K-푸드/미식","incheon_clay_oven_dumpling","INCHEON","차이나타운 화덕만두 & 공갈빵","Chinatown Clay Oven Dumpling & Gonggalppang","STREET_SNACK","4000","200도가 넘는 옹기 화덕 안쪽 벽에 붙여 구워내 겉은 바삭하고 속은 육즙 가득한 고기만두와 속이 텅 빈 바삭한 공갈빵","Unique charcoal tandoor-style clay oven baked buns stuffed with juicy minced pork, and crispy hollow honey-glazed crackers","대표 미식","https://tong.visitkorea.or.kr/cms/resource/92/3526892_image2_1.jpg","한국관광공사 TourAPI 포토갤러리 및 HypeHeritage 예산 DB"
"K-푸드/미식","incheon_multeombeong","INCHEON","용현동 아귀찜 (물텀벙)","Yonghyeon-dong Agwi-jjim (Spicy Braised Monkfish)","SEAFOOD","22000","담백하고 쫄깃한 아귀 살에 아삭한 콩나물, 미더덕을 넣고 매콤 칼칼한 고춧가루 양념에 볶아낸 용현동 물텀벙이 거리 요리","Meaty monkfish braised with crisp bean sprouts and sea squirts in a fiery, thick chili starch sauce on historical food street","대표 미식","https://tong.visitkorea.or.kr/cms/resource/79/2912779_image2_1.jpg","한국관광공사 TourAPI 포토갤러리 및 HypeHeritage 예산 DB"
"K-푸드/미식","incheon_sinpo_jjolmyeon","INCHEON","신포동 쫄면","Sinpo-dong Original Jjolmyeon (Chewy Spicy Noodles)","STREET_SNACK","8500","인천 국수 공장에서 탄생한 원조 쫄면으로, 굵고 탄력 넘치는 면발에 아삭한 콩나물, 양배추, 매콤새콤 특제 초고추장을 비벼 먹는 요리","Invented in Incheon: extra-chewy thick wheat noodles tossed with crisp cabbage, bean sprouts, hard-boiled egg, and sweet chili sauce","대표 미식","https://tong.visitkorea.or.kr/cms/resource/79/2912779_image2_1.jpg","한국관광공사 TourAPI 포토갤러리 및 HypeHeritage 예산 DB"
"K-푸드/미식","incheon_samchi_street","INCHEON","동인천 삼치구이","Dongincheon Samchi-gui (Grilled King Mackerel)","MEAL","13000","동인천 삼치골목에서 살이 통통하게 오른 삼치를 연탄 숯불에 노릇하게 구워 와사비 간장에 찍어 막걸리와 즐기는 요리","Giant thick fillets of Pacific Spanish mackerel grilled crispy on the outside and moist inside over hot coals, served with wasabi soy","대표 미식","https://tong.visitkorea.or.kr/cms/resource/40/3013740_image2_1.jpg","한국관광공사 TourAPI 포토갤러리 및 HypeHeritage 예산 DB"
"K-푸드/미식","incheon_songdo_clam_noodles","INCHEON","영종도 바지락 해물칼국수","Yeongjongdo Seafood Clam Kalguksu","MEAL","11000","서해 갯벌에서 캔 바지락과 가리비, 새우를 산더미처럼 넣고 끓여 맑고 시원한 감칠맛이 일품인 영종도 바닷가 국수","Enormous steaming shared bowl of fresh knife-cut noodles swimming with abundant sweet manila clams and prawns in sea broth","대표 미식","https://tong.visitkorea.or.kr/cms/resource/06/2900006_image2_1.jpg","한국관광공사 TourAPI 포토갤러리 및 HypeHeritage 예산 DB"
"K-푸드/미식","incheon_wolmido_clam_bake","INCHEON","월미도 조개구이","Wolmido Oceanfront Grilled Shellfish BBQ","SEAFOOD","32000","가리비, 키조개, 백합, 치즈구이를 연탄불 위에 지글지글 구워 초고추장에 찍어 먹는 월미도 바닷가의 대표 음식","Interactive seaside tabletop BBQ feast grilling fresh scallops, pen shells, clams, and melted cheese over hot briquettes","대표 미식","https://tong.visitkorea.or.kr/cms/resource/58/4066258_image2_1.jpg","한국관광공사 TourAPI 포토갤러리 및 HypeHeritage 예산 DB"
"K-푸드/미식","yeosu_dolgejang","YEOSU","여수 돌게장 백반","Yeosu Dolgejang (Soy Marinated Rock Crab)","SEAFOOD","16000","여수 바다의 단단한 돌게를 비법 간장과 청양고추로 숙성시켜 게딱지에 밥을 쓱쓱 비벼 먹는 여수 최고의 밥도둑 백반","Small native wild rock crabs steeped in aged seasoned soy sauce, packed with rich savory roe to mix with steamed rice","외국인 선호 Top 3 필수 미식","https://tong.visitkorea.or.kr/cms/resource/50/2931150_image2_1.jpg","한국관광공사 TourAPI 포토갤러리 및 HypeHeritage 예산 DB"
"K-푸드/미식","yeosu_nangman_samhap","YEOSU","여수 해물삼합","Yeosu Seafood Samhap (Kimchi, Pork & Octopus)","BBQ_FEAST","24000","여수 돌산 갓김치와 생삼겹살, 살아있는 문어(낙지), 전복, 새우를 철판에 함께 지글지글 볶아 싸 먹는 낭만포차 시그니처","Sizzling iron plate surf-and-turf uniting famous Dolsan mustard greens kimchi, pork belly slices, fresh octopus, and abalone","외국인 선호 Top 3 필수 미식","https://tong.visitkorea.or.kr/cms/resource/50/2931150_image2_1.jpg","한국관광공사 TourAPI 포토갤러리 및 HypeHeritage 예산 DB"
"K-푸드/미식","yeosu_seodaehoe","YEOSU","여수 서대회무침","Yeosu Seodaehoe (Spicy Tongue Sole Salad)","SEAFOOD","14000","전통 막걸리 발효 식초로 서대 살을 무쳐 비린내가 전혀 없고 새콤달콤한 감칠맛이 폭발하는 여수 10미 중 으뜸 요리","Delicate raw tongue sole fish fillets tossed in natural fermented rice vinegar chili paste with fresh seasonal greens","외국인 선호 Top 3 필수 미식","https://tong.visitkorea.or.kr/cms/resource/50/2931150_image2_1.jpg","한국관광공사 TourAPI 포토갤러리 및 HypeHeritage 예산 DB"
"K-푸드/미식","yeosu_gatkimchi_samgyeop","YEOSU","돌산 갓김치 삼겹살 구이","Dolsan Gat-Kimchi & Pork Belly BBQ","BBQ_FEAST","19000","특유의 톡 쏘는 알싸함과 깊은 감칠맛을 지닌 여수 돌산 갓김치를 돼지 삼겹살 기름에 함께 구워 싸 먹는 별미","Sizzling pork belly grilled alongside intensely aromatic, pungent fermented mustard leaf kimchi (Gat Kimchi)","대표 미식","https://tong.visitkorea.or.kr/cms/resource/51/612151_image2_1.jpg","한국관광공사 TourAPI 포토갤러리 및 HypeHeritage 예산 DB"
"K-푸드/미식","yeosu_hamo_yubikki","YEOSU","여수 갯장어 샤브샤브 (하모 유비끼)","Yeosu Hamo Shabu-shabu (Sea Pike Eel)","SEAFOOD","38000","칼집을 촘촘히 낸 갯장어 살을 한약재 육수에 살짝 담그면 눈꽃처럼 하얗게 피어나는 여수의 명품 여름 보양식","Finely scored fillet slices of sweet wild sea pike eel briefly dipped in hot herbal broth until blooming like white flowers","대표 미식","https://tong.visitkorea.or.kr/cms/resource/50/2931150_image2_1.jpg","한국관광공사 TourAPI 포토갤러리 및 HypeHeritage 예산 DB"
"K-푸드/미식","yeosu_saejogae_shabu","YEOSU","여수 새조개 샤브샤브","Yeosu Saejogae Shabu-shabu (Bird Clam)","SEAFOOD","35000","새의 부리를 닮은 고급 겨울 조개로, 맑은 채소 육수에 살짝 데쳐 쫄깃하고 달콤한 조갯살을 맛보는 여수 겨울 대표 별미 음식","Prized winter delicacy featuring sweet, plump bird clams lightly parboiled in fragrant broth with winter spinach and leeks","대표 미식","https://tong.visitkorea.or.kr/cms/resource/50/2931150_image2_1.jpg","한국관광공사 TourAPI 포토갤러리 및 HypeHeritage 예산 DB"
"K-푸드/미식","yeosu_eel_soup","YEOSU","여수 통장어탕 & 장어구이","Yeosu Whole Sea Eel Stew & Grilled Eel","SEAFOOD","16000","살이 통통한 바다장어(붕장어)를 통째로 넣고 우거지와 된장, 고춧가루로 얼큰하고 진하게 끓여낸 원기 회복 탕","Thick, deeply nourishing sea eel soup simmered with dried greens and spicy soybean paste, served with char-grilled fillets","대표 미식","https://tong.visitkorea.or.kr/cms/resource/50/2931150_image2_1.jpg","한국관광공사 TourAPI 포토갤러리 및 HypeHeritage 예산 DB"
"K-푸드/미식","yeosu_jeoneo_feast","YEOSU","여수 전어구이 & 전어회","Yeosu Gizzard Shad Feast (Autumn Fish)","SEAFOOD","18000","가을철 기름이 바짝 오른 고소한 전어를 통째로 칼집 내어 천일염을 뿌려 구워낸 가을 여수의 대표 생선 요리","Whole seasonal autumn gizzard shad grilled with coarse sea salt, eaten bones and all for maximum buttery nutty richness","대표 미식","https://tong.visitkorea.or.kr/cms/resource/50/2931150_image2_1.jpg","한국관광공사 TourAPI 포토갤러리 및 HypeHeritage 예산 DB"
"K-푸드/미식","yeosu_gat_burger","YEOSU","여수 갓버거 & 갓도넛","Yeosu Gat-Burger (Mustard Green Burger)","DESSERT_CAFE","7500","여수 돌산 갓김치 특유의 알싸한 소스와 두툼한 수제 고기 패티가 조화로운 이순신광장의 명물 수제 버거","Creative local burger combining juicy handcrafted beef patty with distinctive spicy-tart Dolsan mustard green relish","대표 미식","https://tong.visitkorea.or.kr/cms/resource/50/2931150_image2_1.jpg","한국관광공사 TourAPI 포토갤러리 및 HypeHeritage 예산 DB"
"K-푸드/미식","yeosu_galchi_set","YEOSU","여수 통갈치조림 & 갈치회","Yeosu Braised Cutlassfish & Sashimi Set","SEAFOOD","22000","남해안 청정 바다에서 잡은 싱싱한 은갈치를 특제 롱 냄비에 통째로 졸여낸 조림과 투명하고 쫄깃한 갈치회 한상","Spectacular meter-long whole silver cutlassfish braised with abalones and octopus, served with pristine fresh cutlassfish sashimi","대표 미식","https://tong.visitkorea.or.kr/cms/resource/50/2931150_image2_1.jpg","한국관광공사 TourAPI 포토갤러리 및 HypeHeritage 예산 DB"